Code,ENTITE,Libellé,superficie_2016,population_2016,population_2015,population_2014,population_2013,population_2012,population_2011,population_2010,population_2009,indice_de_jeunesse_2015,densité_de_population_2016,indice_de_vieillissement_2015
04001,AIGLUN,Aiglun,15,1412,1384,1356,1350,1352,1314,1276,1241,40.6,97,59.4
04004,ALLEMAGNE-EN-PROVENCE,Allemagne-en-Provence,33,529,527,525,523,521,522,514,505,41.2,16,58.8
04005,ALLONS,Allons,42,149,154,149,145,142,138,135,133,36.4,4,63.6
04006,ALLOS,Allos,117,747,697,639,645,648,669,691,715,38.9,6,61.1
04007,ANGLES,Angles,10,66,64,62,65,65,68,71,74,23.7,7,76.3
04008,ANNOT,Annot,30,1046,1049,1054,1068,1082,1070,1058,1046,38.8,35,61.2
04009,ARCHAIL,Archail,13,15,16,18,20,23,20,17,14,20,1,80
04012,AUBENAS-LES-ALPES,Aubenas-les-Alpes,8,101,103,104,106,105,104,105,107,49,13,51
04013,AUBIGNOSC,Aubignosc,15,586,556,561,558,556,555,553,547,49.4,39,50.6
04016,AUTHON,Authon,40,57,53,48,49,50,48,45,43,21.4,1,78.6
04017,AUZET,Auzet,35,98,98,96,96,90,85,79,79,41.9,3,58.1
04018,BANON,Banon,40,970,966,996,1026,1057,1061,1070,1072,29.1,24,70.9
04019,BARCELONNETTE,Barcelonnette,17,2610,2622,2698,2706,2634,2667,2700,2741,37.6,157,62.4
04020,BARLES,Barles,60,136,138,142,143,147,152,156,154,41.6,2,58.4
04021,BARRAS,Barras,21,138,135,136,138,145,151,158,159,54.4,7,45.6
04022,BARRÊME,Barrême,37,439,436,435,446,457,468,474,467,39.7,12,60.3
04023,BAYONS,Bayons,126,180,183,187,209,232,254,255,252,16.5,1,83.5
04024,BEAUJEU,Beaujeu,46,133,137,141,146,150,147,150,152,36.8,3,63.2
04025,BEAUVEZER,Beauvezer,27,376,372,363,354,343,341,336,341,40.3,14,59.7
04026,BELLAFFAIRE,Bellaffaire,13,148,149,150,151,152,147,143,139,25.3,11,74.7
04027,BEVONS,Bevons,11,235,238,241,244,234,222,202,181,59.6,21,40.4
04028,BEYNES,Beynes,41,128,126,123,121,122,124,123,122,26.2,3,73.8
04030,BLIEUX,Blieux,58,61,60,59,58,56,55,55,56,24.2,1,75.8
04031,BRAS-D'ASSE,Bras-d'Asse,26,574,580,574,574,560,546,531,514,44.5,22,55.5
04032,BRAUX,Braux,12,123,122,121,122,125,128,131,130,20,10,80
04033,UBAYE-SERRE-PONÇON,Ubaye-Serre-Ponçon,68,730,721,708,693,698,712,709,680,39.7,11,60.3
04034,LA BRILLANNE,La Brillanne,7,1142,1112,1109,1068,1027,986,943,919,62.2,164,37.8
04035,BRUNET,Brunet,29,267,255,261,262,260,258,256,254,55,9,45
04036,LE BRUSQUET,Le Brusquet,22,957,966,965,964,964,963,968,969,46.9,43,53.1
04037,LE CAIRE,Le Caire,18,68,64,63,63,64,65,66,67,15.2,4,84.8
04039,CASTELLANE,Castellane,122,1547,1543,1541,1549,1557,1565,1537,1553,39.2,13,60.8
04040,LE CASTELLARD-MÉLAN,Le Castellard-Mélan,26,64,65,70,65,60,55,50,51,41.9,2,58.1
04041,LE CASTELLET,Le Castellet,19,289,292,294,292,289,287,278,271,47.4,15,52.6
04042,CASTELLET-LÈS-SAUSSES,Castellet-lès-Sausses,55,134,132,138,131,124,118,109,108,23.3,2,76.7
04043,VAL-DE-CHALVAGNE,Val-de-Chalvagne,33,88,88,85,82,78,74,69,67,34.1,3,65.9
04045,CÉRESTE,Céreste,33,1199,1194,1194,1218,1242,1267,1264,1220,36.9,37,63.1
04046,LE CHAFFAUT-SAINT-JURSON,Le Chaffaut-Saint-Jurson,29,696,693,707,722,755,746,741,731,52.6,24,47.4
04047,CHAMPTERCIER,Champtercier,19,818,792,766,755,772,783,794,805,37.3,44,62.7
04049,CHÂTEAU-ARNOUX-SAINT-AUBAN,Château-Arnoux-Saint-Auban,19,5162,5184,5210,5198,5184,5225,5266,5318,37.8,278,62.2
04050,CHÂTEAUFORT,Châteaufort,14,29,28,28,26,25,23,23,23,18.2,2,81.8
04051,CHÂTEAUNEUF-MIRAVAIL,Châteauneuf-Miravail,20,71,72,74,76,78,78,77,76,27.1,4,72.9
04053,CHÂTEAUNEUF-VAL-SAINT-DONAT,Châteauneuf-Val-Saint-Donat,21,506,503,499,493,497,497,503,510,42.4,24,57.6
04054,CHÂTEAUREDON,Châteauredon,11,72,71,73,75,81,87,93,94,42.3,7,57.7
04055,CHAUDON-NORANTE,Chaudon-Norante,38,184,185,186,182,178,167,156,145,38.8,5,61.2
04057,CLAMENSANE,Clamensane,24,174,176,178,179,181,178,172,166,41.8,7,58.2
04058,CLARET,Claret,21,268,262,255,249,250,251,240,229,54.3,13,45.7
04059,CLUMANC,Clumanc,54,211,204,197,190,186,188,182,176,35.3,4,64.7
04061,COLMARS,Colmars,82,463,431,398,397,395,391,388,385,23.6,6,76.4
04062,LA CONDAMINE-CHÂTELARD,La Condamine-Châtelard,56,158,172,185,203,196,185,173,161,44.7,3,55.3
04063,CORBIÈRES-EN-PROVENCE,Corbières-en-Provence,19,1173,1161,1097,1068,1041,1014,987,968,54.8,63,45.2
04065,CRUIS,Cruis,37,643,645,646,643,637,626,615,603,24.1,18,75.9
04066,CURBANS,Curbans,29,576,538,512,497,483,468,442,418,63.6,20,36.4
04067,CUREL,Curel,11,57,60,59,58,54,51,47,51,48,5,52
04068,DAUPHIN,Dauphin,10,824,823,817,812,806,804,796,792,38.9,84,61.1
04069,DEMANDOLX,Demandolx,21,135,130,125,120,118,115,122,129,37.7,7,62.3
04070,DIGNE-LES-BAINS,Digne-les-Bains,110,16186,16246,16304,16512,16844,16886,16922,17172,41.3,148,58.7
04072,DRAIX,Draix,23,118,113,108,98,87,77,80,78,58,5,42
04073,ENCHASTRAYES,Enchastrayes,45,394,391,390,396,403,412,420,430,23.1,9,76.9
04074,ENTRAGES,Entrages,23,106,108,110,112,114,115,116,117,26.4,5,73.6
04075,ENTREPIERRES,Entrepierres,48,380,386,392,397,396,390,390,390,37.7,8,62.3
04076,ENTREVAUX,Entrevaux,61,869,877,880,907,933,960,947,948,32.6,14,67.4
04077,ENTREVENNES,Entrevennes,30,165,163,160,162,164,166,168,171,36.8,6,63.2
04079,L'ESCALE,L'Escale,20,1399,1408,1384,1369,1349,1330,1311,1282,46.5,69,53.5
04081,ESPARRON-DE-VERDON,Esparron-de-Verdon,36,406,414,422,421,422,425,429,433,22.4,11,77.6
04084,ESTOUBLON,Estoublon,34,483,480,481,478,476,473,466,459,33.4,14,66.6
04085,FAUCON-DU-CAIRE,Faucon-du-Caire,20,50,51,54,56,57,59,57,58,38.9,2,61.1
04086,FAUCON-DE-BARCELONNETTE,Faucon-de-Barcelonnette,17,304,303,304,304,305,305,303,304,46.7,18,53.3
04087,FONTIENNE,Fontienne,8,129,129,130,131,132,132,132,132,36.4,16,63.6
04088,FORCALQUIER,Forcalquier,43,4966,4981,4910,4842,4775,4707,4680,4640,36.3,115,63.7
04090,LE FUGERET,Le Fugeret,28,195,189,186,192,205,218,232,225,33.3,7,66.7
04091,GANAGOBIE,Ganagobie,11,91,85,80,83,84,93,102,110,27.2,9,72.8
04092,LA GARDE,La Garde,17,75,77,77,81,85,90,90,90,22,4,78
04093,GIGORS,Gigors,14,59,58,59,59,60,60,61,59,44.4,4,55.6
04094,GRÉOUX-LES-BAINS,Gréoux-les-Bains,70,2611,2628,2645,2664,2589,2581,2545,2510,38.1,37,61.9
04095,L'HOSPITALET,L'Hospitalet,20,90,89,89,89,89,89,89,89,26.4,5,73.6
04096,JAUSIERS,Jausiers,108,1129,1133,1134,1134,1135,1135,1115,1095,40.5,10,59.5
04097,LA JAVIE,La Javie,37,397,391,392,394,395,394,392,391,45.3,11,54.7
04099,LAMBRUISSE,Lambruisse,22,98,98,99,96,94,91,90,92,24.6,4,75.4
04101,LARDIERS,Lardiers,30,119,112,113,115,115,114,114,111,29.2,4,70.8
04102,LE LAUZET-UBAYE,Le Lauzet-Ubaye,67,198,211,224,224,226,229,231,234,30.9,3,69.1
04104,LIMANS,Limans,21,364,365,353,341,329,334,337,335,49.7,17,50.3
04106,LURS,Lurs,22,383,377,374,376,377,379,375,370,27.7,17,72.3
04107,MAJASTRES,Majastres,30,4,3,3,2,2,2,2,2,0,0,100
04108,MALIJAI,Malijai,27,1984,1987,1990,1989,1976,1959,1960,1961,48.9,74,51.1
04109,MALLEFOUGASSE-AUGÈS,Mallefougasse-Augès,20,326,326,316,310,286,263,239,221,44,17,56
04110,MALLEMOISSON,Mallemoisson,6,1052,1044,1029,1014,998,1006,993,1012,49.2,164,50.8
04111,MANE,Mane,22,1358,1367,1376,1380,1386,1380,1373,1367,37.2,62,62.8
04112,MANOSQUE,Manosque,57,21868,21754,21941,22412,22099,22316,22105,22321,41.9,386,58.1
04113,MARCOUX,Marcoux,33,482,499,517,511,516,517,517,518,37.5,15,62.5
04115,MÉAILLES,Méailles,33,112,111,110,112,115,117,117,117,22,3,78
04116,LES MÉES,Les Mées,65,3700,3664,3629,3592,3548,3589,3630,3671,44.3,57,55.7
04118,MELVE,Melve,14,115,110,112,115,111,107,103,105,33.9,8,66.1
04120,VAL D'ORONAYE,Val d'Oronaye,111,118,115,113,114,121,132,146,152,33.9,1,66.1
04121,MÉZEL,Mézel,22,660,662,678,693,709,700,700,680,49.3,30,50.7
04122,MIRABEAU,Mirabeau,19,511,510,501,501,500,500,494,477,45.1,27,54.9
04123,MISON,Mison,32,1117,1106,1085,1064,1045,1021,1005,995,44.7,35,55.3
04124,MONTAGNAC-MONTPEZAT,Montagnac-Montpezat,35,421,422,418,414,411,418,421,417,34.7,12,65.3
04126,MONTCLAR,Montclar,23,414,414,427,441,455,458,461,460,39.1,18,60.9
04127,MONTFORT,Montfort,12,337,346,356,365,367,372,377,383,35,27,65
04128,MONTFURON,Montfuron,19,216,214,211,207,204,196,196,197,47.2,11,52.8
04129,MONTJUSTIN,Montjustin,10,57,56,56,55,53,51,48,48,29,6,71
04130,MONTLAUX,Montlaux,20,192,143,144,140,115,126,137,138,35.7,10,64.3
04132,MONTSALIER,Montsalier,24,136,127,118,109,111,112,109,107,25,6,75
04133,MORIEZ,Moriez,37,231,225,218,220,215,204,194,183,29.5,6,70.5
04134,LA MOTTE-DU-CAIRE,La Motte-du-Caire,27,558,554,545,537,528,527,525,516,35.4,20,64.6
04135,MOUSTIERS-SAINTE-MARIE,Moustiers-Sainte-Marie,90,701,693,686,684,691,698,706,718,36.9,8,63.1
04136,LA MURE-ARGENS,La Mure-Argens,35,330,336,344,342,337,332,327,319,31.3,9,68.7
04137,NIBLES,Nibles,12,43,43,43,43,44,43,44,46,15,3,85
04138,NIOZELLES,Niozelles,11,273,275,277,276,272,260,248,237,50,26,50
04139,NOYERS-SUR-JABRON,Noyers-sur-Jabron,57,516,510,497,484,471,466,464,431,48.9,9,51.1
04140,LES OMERGUES,Les Omergues,34,131,132,131,129,127,129,126,124,32.1,4,67.9
04141,ONGLES,Ongles,32,371,363,356,348,347,351,344,338,30.3,12,69.7
04142,OPPEDETTE,Oppedette,9,50,53,57,60,61,60,61,62,18.2,6,81.8
04143,ORAISON,Oraison,39,5917,5854,5792,5716,5598,5484,5392,5300,38.6,153,61.4
04144,LA PALUD-SUR-VERDON,La Palud-sur-Verdon,82,344,340,337,335,329,325,322,314,35.1,4,64.9
04145,PEIPIN,Peipin,13,1468,1476,1484,1490,1482,1412,1351,1290,40.2,109,59.8
04148,PEYROULES,Peyroules,33,234,229,230,228,227,225,226,227,36.1,7,63.9
04149,PEYRUIS,Peyruis,23,2867,2849,2829,2809,2767,2749,2689,2615,47.9,123,52.1
04150,PIÉGUT,Piégut,11,178,169,161,155,149,143,145,141,64.2,16,35.8
04151,PIERRERUE,Pierrerue,11,479,488,493,507,521,535,532,521,39.6,44,60.4
04152,PIERREVERT,Pierrevert,28,3743,3672,3690,3706,3699,3692,3682,3651,39.8,134,60.2
04154,PONTIS,Pontis,16,84,85,83,80,78,78,81,76,20.5,5,79.5
04155,PRADS-HAUTE-BLÉONE,Prads-Haute-Bléone,167,184,186,187,189,186,182,179,175,24.3,1,75.7
04156,PUIMICHEL,Puimichel,37,232,218,203,209,220,231,242,253,35.4,6,64.6
04157,PUIMOISSON,Puimoisson,36,739,748,742,749,755,762,743,720,35.3,21,64.7
04158,QUINSON,Quinson,29,427,437,443,441,443,445,447,446,30.3,15,69.7
04159,REDORTIERS,Redortiers,46,80,73,66,61,67,67,75,84,33.3,2,66.7
04160,REILLANNE,Reillanne,39,1653,1621,1589,1557,1552,1542,1521,1500,38.2,42,61.8
04161,MÉOLANS-REVEL,Méolans-Revel,128,337,337,336,334,333,334,336,333,42.5,3,57.5
04162,REVEST-DES-BROUSSES,Revest-des-Brousses,23,270,271,275,271,272,265,258,252,43,12,57
04163,REVEST-DU-BION,Revest-du-Bion,44,568,573,577,581,585,582,578,564,29.6,13,70.4
04164,REVEST-SAINT-MARTIN,Revest-Saint-Martin,8,77,69,60,62,64,73,82,91,23.3,10,76.7
04166,RIEZ,Riez,40,1848,1828,1825,1822,1819,1811,1805,1783,34.6,46,65.4
04167,LA ROBINE-SUR-GALABRE,La Robine-sur-Galabre,57,306,312,303,306,314,323,331,326,49.7,5,50.3
04169,LA ROCHEGIRON,La Rochegiron,30,97,93,93,93,97,102,106,107,26,3,74
04170,LA ROCHETTE,La Rochette,19,67,66,65,64,62,61,58,58,30,4,70
04171,ROUGON,Rougon,36,105,104,103,103,103,103,104,104,36,3,64
04172,ROUMOULES,Roumoules,26,742,746,729,711,694,699,700,711,39.3,28,60.7
04173,SAINT-ANDRÉ-LES-ALPES,Saint-André-les-Alpes,49,1008,983,958,932,925,915,923,930,31.4,20,68.6
04174,SAINT-BENOÎT,Saint-Benoît,21,152,145,139,132,132,129,127,124,32.1,7,67.9
04175,SAINTE-CROIX-À-LAUZE,Sainte-Croix-à-Lauze,9,86,84,83,81,81,78,79,81,32.7,10,67.3
04176,SAINTE-CROIX-DU-VERDON,Sainte-Croix-du-Verdon,20,119,120,121,122,122,123,123,124,31.9,6,68.1
04177,HAUTES-DUYES,Hautes-Duyes,23,43,42,42,42,40,38,35,33,32.1,2,67.9
04178,SAINT-ÉTIENNE-LES-ORGUES,Saint-Étienne-les-Orgues,49,1273,1249,1255,1249,1234,1219,1228,1219,32.7,26,67.3
04179,SAINT-GENIEZ,Saint-Geniez,39,94,95,95,92,89,84,87,90,28.9,2,71.1
04180,SAINT-JACQUES,Saint-Jacques,5,71,63,56,54,55,56,56,57,42,15,58
04181,SAINT-JEANNET,Saint-Jeannet,29,59,63,63,61,58,55,52,51,23.5,2,76.5
04182,SAINT-JULIEN-D'ASSE,Saint-Julien-d'Asse,26,204,196,187,186,186,175,165,154,20.4,8,79.6
04183,SAINT-JULIEN-DU-VERDON,Saint-Julien-du-Verdon,8,146,150,153,156,154,156,150,144,28.6,19,71.4
04184,SAINT-JURS,Saint-Jurs,34,138,139,140,144,148,151,155,154,21.3,4,78.7
04186,SAINT-LAURENT-DU-VERDON,Saint-Laurent-du-Verdon,10,97,94,91,88,89,91,92,92,26.4,10,73.6
04187,SAINT-LIONS,Saint-Lions,12,52,51,50,44,39,33,34,35,23.3,4,76.7
04188,SAINT-MAIME,Saint-Maime,8,847,835,822,828,812,823,833,844,50.1,111,49.9
04189,SAINT-MARTIN-DE-BRÔMES,Saint-Martin-de-Brômes,21,571,577,576,565,554,543,535,539,40.1,27,59.9
04190,SAINT-MARTIN-LES-EAUX,Saint-Martin-les-Eaux,9,115,120,115,114,110,106,100,96,45.2,13,54.8
04191,SAINT-MARTIN-LÈS-SEYNE,Saint-Martin-lès-Seyne,12,13,13,12,13,14,16,18,19,0,1,100
04192,SAINT-MICHEL-L'OBSERVATOIRE,Saint-Michel-l'Observatoire,28,1239,1240,1224,1214,1196,1179,1160,1142,42.4,44,57.6
04193,SAINT-PAUL-SUR-UBAYE,Saint-Paul-sur-Ubaye,206,193,200,202,208,214,220,226,229,30.4,1,69.6
04194,SAINT-PIERRE,Saint-Pierre,6,97,97,97,98,102,107,111,110,30.4,18,69.6
04195,SAINT-PONS,Saint-Pons,32,640,647,656,689,721,753,762,742,39.7,20,60.3
04197,SAINTE-TULLE,Sainte-Tulle,17,3409,3449,3398,3416,3376,3337,3344,3291,46.2,200,53.8
04199,SAINT-VINCENT-SUR-JABRON,Saint-Vincent-sur-Jabron,30,194,199,209,218,228,221,218,206,34.3,6,65.7
04200,SALIGNAC,Salignac,14,633,633,629,623,598,572,546,525,54.1,44,45.9
04201,SAUMANE,Saumane,3,115,111,107,110,109,109,108,108,22.4,35,77.6
04202,SAUSSES,Sausses,15,124,123,122,121,119,118,120,117,29.3,8,70.7
04203,SELONNET,Selonnet,30,451,429,438,438,436,434,432,431,39.6,15,60.4
04204,SENEZ,Senez,71,167,166,166,166,162,162,170,179,33.3,2,66.7
04205,SEYNE,Seyne,86,1348,1360,1365,1392,1419,1446,1439,1434,31.5,16,68.5
04206,SIGONCE,Sigonce,20,429,429,420,412,399,406,411,405,45,21,55
04207,SIGOYER,Sigoyer,15,105,104,103,103,101,96,92,89,40.4,7,59.6
04208,SIMIANE-LA-ROTONDE,Simiane-la-Rotonde,68,594,592,590,596,602,593,584,574,29.9,9,70.1
04209,SISTERON,Sisteron,51,7341,7213,7281,7312,7360,7408,7450,7427,38.7,145,61.3
04210,SOLEILHAS,Soleilhas,35,110,120,122,123,119,115,111,110,31.8,3,68.2
04211,SOURRIBES,Sourribes,20,179,180,182,179,177,174,173,173,45.8,9,54.2
04214,TARTONNE,Tartonne,45,136,138,140,140,137,135,132,136,35.7,3,64.3
04216,THÈZE,Thèze,11,233,230,227,223,222,220,218,216,48.3,21,51.7
04217,THOARD,Thoard,44,710,723,728,730,732,735,737,734,38.7,16,61.3
04218,THORAME-BASSE,Thorame-Basse,99,222,221,220,219,222,220,214,208,43.3,2,56.7
04219,THORAME-HAUTE,Thorame-Haute,109,237,233,235,232,232,232,232,232,32.8,2,67.2
04220,LES THUILES,Les Thuiles,33,395,398,389,380,371,376,368,374,55.2,12,44.8
04222,TURRIERS,Turriers,20,321,325,339,353,367,375,379,388,26.4,16,73.6
04224,UBRAYE,Ubraye,36,88,88,89,93,97,101,105,104,16.4,2,83.6
04226,UVERNET-FOURS,Uvernet-Fours,136,584,583,582,579,586,596,609,623,39,4,61
04227,VACHÈRES,Vachères,24,274,264,255,261,265,279,293,307,19.1,12,80.9
04228,VALAVOIRE,Valavoire,17,42,43,43,41,39,37,35,35,29.2,3,70.8
04229,VALBELLE,Valbelle,33,278,271,258,245,233,238,240,238,52.8,8,47.2
04230,VALENSOLE,Valensole,128,3195,3169,3206,3244,3280,3247,3224,3049,40.9,25,59.1
04231,VALERNES,Valernes,29,253,253,255,256,250,243,237,238,45.5,9,54.5
04233,VAUMEILH,Vaumeilh,26,259,259,263,264,265,266,268,267,40.2,10,59.8
04234,VENTEROL,Venterol,23,249,251,248,248,248,248,248,249,56.4,11,43.6
04235,VERDACHES,Verdaches,24,61,63,62,61,60,58,57,59,19.1,3,80.9
04236,VERGONS,Vergons,46,112,114,116,115,116,118,120,122,15.9,2,84.1
04237,LE VERNET,Le Vernet,23,130,130,130,127,123,120,121,123,39.2,6,60.8
04240,VILLARS-COLMARS,Villars-Colmars,41,252,256,255,253,257,253,253,246,28.4,6,71.6
04241,VILLEMUS,Villemus,10,185,181,177,178,175,170,166,161,47.9,19,52.1
04242,VILLENEUVE,Villeneuve,26,4136,4094,4048,3881,3713,3529,3514,3439,53.7,162,46.3
04244,VOLONNE,Volonne,25,1648,1659,1669,1679,1676,1678,1668,1658,38.1,65,61.9
04245,VOLX,Volx,19,3153,3144,3134,3125,3090,3080,3017,2953,43.6,169,56.4
05001,ABRIÈS-RISTOLAS ,Abriès-Ristolas ,161,382,379,379,391,404,423,455,463,38,2,62
05003,AIGUILLES,Aiguilles,41,428,425,434,444,449,394,433,426,32.6,11,67.4
05004,ANCELLE,Ancelle,51,910,905,903,896,883,870,858,854,44.8,18,55.2
05006,L'ARGENTIÈRE-LA-BESSÉE,L'Argentière-la-Bessée,65,2293,2307,2317,2311,2318,2322,2326,2328,41.9,35,58.1
05007,ARVIEUX,Arvieux,73,372,363,366,368,371,373,375,368,41.9,5,58.1
05008,ASPREMONT,Aspremont,19,350,341,332,326,327,324,320,315,40.4,19,59.6
05009,ASPRES-LÈS-CORPS,Aspres-lès-Corps,17,107,109,111,120,129,138,139,135,24.2,6,75.8
05010,ASPRES-SUR-BUËCH,Aspres-sur-Buëch,42,830,832,830,827,824,826,819,804,36,20,64
05011,AVANÇON,Avançon,22,401,402,403,404,407,410,391,372,55.1,18,44.9
05012,BARATIER,Baratier,16,593,559,539,520,499,503,510,511,43.1,37,56.9
05013,BARCILLONNETTE,Barcillonnette,20,143,151,158,156,147,142,136,132,30.4,7,69.6
05014,BARRET-SUR-MÉOUGE,Barret-sur-Méouge,26,220,225,229,230,233,233,227,220,25,8,75
05016,LA BÂTIE-MONTSALÉON,La Bâtie-Montsaléon,15,244,234,224,222,220,215,210,206,36.1,16,63.9
05017,LA BÂTIE-NEUVE,La Bâtie-Neuve,27,2506,2487,2468,2449,2420,2431,2325,2220,57.7,91,42.3
05018,LA BÂTIE-VIEILLE,La Bâtie-Vieille,9,350,346,331,316,301,286,278,278,52.4,39,47.6
05019,LA BEAUME,La Beaume,30,156,155,155,157,159,165,164,162,22.1,5,77.9
05021,LE BERSAC,Le Bersac,8,151,152,150,151,151,152,152,155,24.1,19,75.9
05022,BRÉZIERS,Bréziers,31,220,210,200,201,201,182,164,145,44.4,7,55.6
05023,BRIANÇON,Briançon,28,11950,12370,12392,12190,12301,11876,11627,11574,49.6,423,50.4
05024,VALDOULE,Valdoule,59,212,207,206,212,209,204,198,198,24.9,4,75.1
05025,BUISSARD,Buissard,3,206,204,203,190,186,184,182,179,48.1,70,51.9
05026,CEILLAC,Ceillac,96,293,294,296,298,298,301,304,307,33.8,3,66.2
05027,CERVIÈRES,Cervières,110,182,183,183,179,175,171,174,169,61.7,2,38.3
05028,CHABESTAN,Chabestan,12,133,136,141,147,151,150,153,142,31,11,69
05029,CHABOTTES,Chabottes,10,828,834,818,801,785,770,757,753,46,82,54
05031,CHAMPCELLA,Champcella,30,185,182,178,177,177,176,174,172,30.4,6,69.6
05032,CHAMPOLÉON,Champoléon,102,144,148,144,140,136,131,127,127,49.3,1,50.7
05033,CHANOUSSE,Chanousse,21,40,41,48,54,61,58,58,53,8.3,2,91.7
05035,CHÂTEAUNEUF-D'OZE,Châteauneuf-d'Oze,27,28,27,26,25,25,26,27,28,40,1,60
05036,CHÂTEAUROUX-LES-ALPES,Châteauroux-les-Alpes,92,1171,1146,1120,1110,1116,1117,1117,1119,50.2,13,49.8
05037,CHÂTEAUVIEUX,Châteauvieux,7,488,485,483,476,464,455,447,438,41.4,68,58.6
05038,CHÂTEAU-VILLE-VIEILLE,Château-Ville-Vieille,67,344,338,338,339,339,338,337,332,48.1,5,51.9
05039,AUBESSAGNE,Aubessagne,28,705,711,716,709,710,698,686,673,40.5,26,59.5
05040,CHORGES,Chorges,57,2891,2810,2791,2774,2714,2654,2599,2567,47.2,51,52.8
05044,CRÉVOUX,Crévoux,54,135,140,137,130,134,139,142,143,56.7,2,43.3
05045,CROTS,Crots,57,1052,1022,1011,1010,985,959,933,932,44.6,19,55.4
05046,EMBRUN,Embrun,36,6174,6177,6150,6123,6143,6155,6110,6188,34,173,66
05047,ÉOURRES,Éourres,27,132,128,131,126,134,142,151,151,58.9,5,41.1
05048,L'ÉPINE,L'Épine,33,193,192,190,187,185,182,182,184,29.8,6,70.2
05049,ESPARRON,Esparron,24,45,40,39,40,39,39,38,37,28.6,2,71.4
05050,ESPINASSES,Espinasses,14,762,728,694,690,695,685,675,665,43.4,56,56.6
05051,ÉTOILE-SAINT-CYRICE,Étoile-Saint-Cyrice,14,31,31,31,31,32,33,34,35,23.8,2,76.2
05052,EYGLIERS,Eygliers,30,776,761,762,761,750,739,730,740,45.1,26,54.9
05053,GARDE-COLOMBE,Garde-Colombe,35,549,546,547,545,542,543,552,565,30.4,16,69.6
05054,LA FARE-EN-CHAMPSAUR,La Fare-en-Champsaur,10,443,453,463,473,470,464,449,434,31.7,43,68.3
05055,LA FAURIE,La Faurie,31,322,315,308,301,305,312,316,320,39.1,10,60.9
05056,FOREST-SAINT-JULIEN,Forest-Saint-Julien,7,323,317,302,298,293,288,283,279,56.6,47,43.4
05057,FOUILLOUSE,Fouillouse,7,241,236,225,214,202,203,198,193,55,32,45
05058,FREISSINIÈRES,Freissinières,91,208,208,209,205,203,203,198,193,53.5,2,46.5
05059,LA FREISSINOUSE,La Freissinouse,8,821,786,769,708,648,587,536,497,57.4,104,42.6
05060,FURMEYER,Furmeyer,14,153,143,140,141,141,141,142,145,31.8,11,68.2
05061,GAP,Gap,109,40805,40776,40225,40255,40761,40654,39744,39243,46.2,375,53.8
05062,LE GLAIZIL,Le Glaizil,22,170,174,178,183,180,185,180,175,18,8,82
05063,LA GRAVE,La Grave,123,484,487,487,487,487,486,488,493,54.5,4,45.5
05064,LA CHAPELLE-EN-VALGAUDÉMAR,La Chapelle-en-Valgaudémar,127,102,101,100,106,111,116,121,121,19.6,1,80.4
05065,GUILLESTRE,Guillestre,51,2314,2301,2323,2345,2367,2332,2325,2308,39,45,61
05066,LA HAUTE-BEAUME,La Haute-Beaume,7,9,9,9,10,10,10,10,10,0,1,100
05068,JARJAYES,Jarjayes,23,435,421,406,412,418,425,433,440,51.7,19,48.3
05070,LARAGNE-MONTÉGLIN,Laragne-Montéglin,23,3485,3455,3480,3491,3579,3668,3756,3741,31.9,154,68.1
05071,LARDIER-ET-VALENÇA,Lardier-et-Valença,15,329,329,323,320,312,304,293,278,54.7,22,45.3
05072,LAYE,Laye,11,230,234,236,240,245,249,246,238,34.5,22,65.5
05073,LAZER,Lazer,22,368,361,356,348,340,333,329,321,49.2,17,50.8
05074,LETTRET,Lettret,4,177,171,173,172,176,180,184,177,48.7,42,51.3
05075,MANTEYER,Manteyer,25,426,424,422,420,423,425,421,418,43.5,17,56.5
05076,MÉREUIL,Méreuil,11,82,80,78,86,88,85,89,92,27.3,7,72.7
05077,MOLINES-EN-QUEYRAS,Molines-en-Queyras,53,303,305,307,308,308,307,315,322,26.7,6,73.3
05078,MONÊTIER-ALLEMONT,Monêtier-Allemont,8,288,293,298,303,305,312,318,325,49.6,38,50.4
05079,LE MONÊTIER-LES-BAINS,Le Monêtier-les-Bains,135,1040,1024,1007,1003,1011,1023,1035,1062,38.2,8,61.8
05080,MONTBRAND,Montbrand,25,64,65,66,67,67,67,61,56,19.4,3,80.6
05081,MONTCLUS,Montclus,21,60,60,59,58,57,56,55,53,51.5,3,48.5
05082,MONT-DAUPHIN,Mont-Dauphin,1,154,146,151,152,151,149,147,145,67.7,261,32.3
05084,MONTGARDIN,Montgardin,15,467,462,461,459,458,456,452,454,41.3,31,58.7
05085,MONTGENÈVRE,Montgenèvre,40,483,510,536,530,530,521,511,511,49.8,12,50.2
05086,MONTJAY,Montjay,27,104,105,104,104,104,104,104,105,32.8,4,67.2
05087,MONTMAUR,Montmaur,49,517,515,519,522,526,530,519,514,42.3,11,57.7
05089,MONTROND,Montrond,4,68,63,63,63,61,58,54,52,40,15,60
05090,LA MOTTE-EN-CHAMPSAUR,La Motte-en-Champsaur,55,219,215,219,223,227,221,204,194,42.3,4,57.7
05091,MOYDANS,Moydans,11,45,47,52,57,61,59,56,53,29.2,4,70.8
05092,NEFFES,Neffes,8,741,744,748,749,749,750,747,744,44.8,87,55.2
05093,NÉVACHE,Névache,191,357,359,361,362,366,357,348,339,51.7,2,48.3
05094,NOSSAGE-ET-BÉNÉVENT,Nossage-et-Bénévent,4,15,14,13,12,11,11,12,12,57.1,3,42.9
05095,LE NOYER,Le Noyer,22,290,289,283,277,271,267,267,262,29,13,71
05096,ORCIÈRES,Orcières,100,710,715,701,728,725,722,718,720,42.7,7,57.3
05097,ORPIERRE,Orpierre,27,352,341,329,318,327,330,328,326,25.7,13,74.3
05098,LES ORRES,Les Orres,74,575,569,550,532,506,508,507,511,43.8,8,56.3
05099,OZE,Oze,12,107,109,106,103,100,97,94,93,41,9,59
05100,PELLEAUTIER,Pelleautier,13,700,684,675,662,643,625,606,584,49.7,55,50.3
05101,VALLOUISE-PELVOUX,Vallouise-Pelvoux,200,1230,1241,1235,1230,1234,1223,1209,1200,36,6,64
05102,LA PIARRE,La Piarre,22,92,90,88,88,90,93,97,100,39.3,4,60.7
05103,LE POËT,Le Poët,15,804,771,754,743,731,720,728,727,43.7,53,56.3
05104,POLIGNY,Poligny,14,299,302,316,330,344,332,327,316,46.2,21,53.8
05106,PRUNIÈRES,Prunières,15,298,298,297,297,294,292,289,287,28.4,19,71.6
05107,PUY-SAINT-ANDRÉ,Puy-Saint-André,15,465,466,467,468,467,466,468,469,44.9,30,55.1
05108,PUY-SAINT-EUSÈBE,Puy-Saint-Eusèbe,11,136,137,135,133,130,129,128,125,34.3,12,65.7
05109,PUY-SAINT-PIERRE,Puy-Saint-Pierre,8,534,529,525,519,505,506,507,508,45.4,68,54.6
05110,PUY-SAINT-VINCENT,Puy-Saint-Vincent,23,284,283,282,281,286,292,299,307,48.6,13,51.4
05111,PUY-SANIÈRES,Puy-Sanières,12,270,257,244,232,231,233,236,238,34.2,23,65.8
05112,RABOU,Rabou,26,76,77,79,78,78,77,79,78,26.5,3,73.5
05113,RAMBAUD,Rambaud,11,375,374,373,371,364,365,367,368,46.3,35,53.7
05114,RÉALLON,Réallon,71,258,260,257,253,252,250,253,245,40.6,4,59.4
05115,REMOLLON,Remollon,6,441,434,436,438,440,442,431,428,46.9,72,53.1
05116,RÉOTIER,Réotier,22,195,193,198,202,207,211,207,201,40.7,9,59.3
05117,RIBEYRET,Ribeyret,18,109,105,102,100,102,103,105,106,29.9,6,70.1
05118,VAL BUËCH-MÉOUGE,Val Buëch-Méouge,70,1352,1355,1341,1322,1299,1286,1288,1277,36.7,19,63.3
05119,RISOUL,Risoul,30,641,638,656,676,665,655,644,646,38.4,22,61.6
05121,ROCHEBRUNE,Rochebrune,12,168,170,172,169,171,168,161,155,42.9,14,57.1
05122,LA ROCHE-DE-RAME,La Roche-de-Rame,41,827,837,846,856,848,847,839,830,47.7,20,52.3
05123,LA ROCHE-DES-ARNAUDS,La Roche-des-Arnauds,53,1514,1498,1482,1466,1449,1423,1398,1372,53,29,47
05124,LA ROCHETTE,La Rochette,10,469,472,475,473,468,445,423,400,51.3,46,48.7
05126,ROSANS,Rosans,30,480,492,502,505,505,512,519,528,29,16,71
05127,ROUSSET,Rousset,17,179,171,163,155,160,159,163,167,35.4,11,64.6
05128,SAINT-ANDRÉ-D'EMBRUN,Saint-André-d'Embrun,39,646,644,650,641,631,628,620,625,38,17,62
05129,SAINT-ANDRÉ-DE-ROSANS,Saint-André-de-Rosans,37,148,145,142,140,143,144,146,148,29.4,4,70.6
05130,SAINT-APOLLINAIRE,Saint-Apollinaire,7,141,138,133,128,123,122,120,117,31.1,20,68.9
05131,SAINT-AUBAN-D'OZE,Saint-Auban-d'Oze,13,88,84,80,76,71,72,71,70,39.5,7,60.5
05132,SAINT-BONNET-EN-CHAMPSAUR,Saint-Bonnet-en-Champsaur,36,2025,2021,2034,2047,2054,2024,1998,1993,47.4,57,52.6
05133,SAINT-CHAFFREY,Saint-Chaffrey,26,1635,1643,1645,1654,1663,1674,1668,1635,38.3,64,61.7
05134,SAINT-CLÉMENT-SUR-DURANCE,Saint-Clément-sur-Durance,26,300,291,293,295,295,294,294,285,50.8,12,49.2
05135,SAINTE-COLOMBE,Sainte-Colombe,17,56,58,61,63,62,62,59,56,13.5,3,86.5
05136,SAINT-CRÉPIN,Saint-Crépin,47,722,703,684,665,653,640,624,608,49.4,15,50.6
05139,DÉVOLUY,Dévoluy,186,990,994,1006,1011,1013,1014,1017,1024,42.5,5,57.5
05140,SAINT-ÉTIENNE-LE-LAUS,Saint-Étienne-le-Laus,9,288,294,301,308,306,303,301,299,42.9,34,57.1
05142,SAINT-FIRMIN,Saint-Firmin,22,465,468,479,478,477,476,477,480,31.6,21,68.4
05144,SAINT-JACQUES-EN-VALGODEMARD,Saint-Jacques-en-Valgodemard,15,148,147,146,145,148,145,150,155,29.2,10,70.8
05145,SAINT-JEAN-SAINT-NICOLAS,Saint-Jean-Saint-Nicolas,38,1019,997,990,980,992,1005,1010,980,40.2,27,59.8
05146,SAINT-JULIEN-EN-BEAUCHÊNE,Saint-Julien-en-Beauchêne,59,123,124,124,125,126,127,128,126,18.8,2,81.3
05147,SAINT-JULIEN-EN-CHAMPSAUR,Saint-Julien-en-Champsaur,10,358,357,347,345,332,319,306,302,47.5,35,52.5
05148,SAINT-LAURENT-DU-CROS,Saint-Laurent-du-Cros,12,531,520,509,499,507,513,518,523,49.4,43,50.6
05149,SAINT-LÉGER-LES-MÉLÈZES,Saint-Léger-les-Mélèzes,7,344,345,346,339,332,325,323,319,35.2,51,64.8
05151,SAINT-MARTIN-DE-QUEYRIÈRES,Saint-Martin-de-Queyrières,56,1127,1131,1108,1086,1065,1073,1086,1094,58.2,20,41.8
05152,SAINT-MAURICE-EN-VALGODEMARD,Saint-Maurice-en-Valgodemard,37,125,133,140,148,144,141,137,133,14.9,3,85.1
05153,SAINT-MICHEL-DE-CHAILLOL,Saint-Michel-de-Chaillol,17,324,315,316,318,321,324,328,330,23.1,19,76.9
05154,SAINT-PIERRE-D'ARGENÇON,Saint-Pierre-d'Argençon,20,157,157,157,157,158,160,158,160,28,8,72
05155,SAINT-PIERRE-AVEZ,Saint-Pierre-Avez,12,30,30,31,31,32,28,24,22,15.4,3,84.6
05156,SAINT-SAUVEUR,Saint-Sauveur,24,477,454,432,429,430,435,440,445,48.5,20,51.5
05157,SAINT-VÉRAN,Saint-Véran,45,236,236,249,262,274,266,257,270,38.5,5,61.5
05158,LE SAIX,Le Saix,22,102,103,104,103,102,102,98,98,40.4,5,59.6
05159,SALÉON,Saléon,10,91,91,92,92,93,92,92,86,48.9,9,51.1
05160,SALÉRANS,Salérans,14,92,94,97,96,97,91,85,79,21.5,7,78.5
05161,LA SALLE-LES-ALPES,La Salle-les-Alpes,36,1012,1003,988,960,932,896,906,918,43.3,28,56.7
05162,LA SAULCE,La Saulce,7,1516,1502,1447,1392,1319,1311,1302,1288,49.6,203,50.4
05163,LE SAUZE-DU-LAC,Le Sauze-du-Lac,12,147,145,143,141,139,139,134,129,34.1,12,65.9
05164,SAVINES-LE-LAC,Savines-le-Lac,30,1057,1063,1069,1069,1068,1065,1088,1110,40.5,35,59.5
05165,SAVOURNON,Savournon,39,255,253,247,241,235,239,241,245,51.1,6,48.9
05166,SERRES,Serres,18,1293,1272,1252,1229,1241,1258,1283,1308,30.9,70,69.1
05167,SIGOTTIER,Sigottier,25,90,87,86,84,83,80,79,74,46.8,4,53.2
05168,SIGOYER,Sigoyer,25,664,664,658,652,646,639,640,645,41.7,26,58.3
05169,SORBIERS,Sorbiers,14,36,38,40,41,42,43,41,38,4.5,3,95.5
05170,TALLARD,Tallard,15,2168,2151,2061,2040,2020,2001,1988,1943,44.3,149,55.7
05171,THÉUS,Théus,17,201,202,204,206,208,211,216,202,45.3,12,54.7
05172,TRESCLÉOUX,Trescléoux,19,317,318,314,310,307,310,311,312,32.2,17,67.8
05173,UPAIX,Upaix,23,450,456,448,439,431,425,423,418,32.8,19,67.2
05174,VAL-DES-PRÉS,Val-des-Prés,45,655,656,651,615,579,536,541,518,55.6,15,44.4
05176,VALSERRES,Valserres,11,262,253,243,234,239,235,229,223,51.6,23,48.4
05177,VARS,Vars,91,527,573,620,678,706,708,677,646,42.6,6,57.4
05178,VENTAVON,Ventavon,42,548,520,486,498,498,505,512,525,50,13,50
05179,VEYNES,Veynes,44,3161,3159,3151,3150,3149,3187,3186,3166,36.1,72,63.9
05180,LES VIGNEAUX,Les Vigneaux,16,535,521,507,491,491,488,480,472,43.7,33,56.3
05181,VILLAR-D'ARÊNE,Villar-d'Arêne,78,322,330,330,324,310,296,287,284,60.3,4,39.7
05182,VILLAR-LOUBIÈRE,Villar-Loubière,22,40,42,43,45,45,45,46,48,17.6,2,82.4
05183,VILLAR-SAINT-PANCRACE,Villar-Saint-Pancrace,43,1471,1457,1442,1428,1446,1459,1457,1454,45.4,34,54.6
05184,VITROLLES,Vitrolles,15,205,206,208,206,204,207,209,212,42.4,14,57.6
06001,AIGLUN,Aiglun,15,89,86,89,89,91,92,94,91,34.8,6,65.2
06002,AMIRAT,Amirat,13,73,74,75,69,63,57,55,53,27.3,6,72.7
06003,ANDON,Andon,54,589,562,559,561,568,575,579,562,51.5,11,48.5
06004,ANTIBES,Antibes,27,73798,74875,75731,75456,75568,75176,74120,75553,37.5,2731,62.5
06005,ASCROS,Ascros,17,166,170,171,170,169,168,143,145,30.2,9,69.8
06006,ASPREMONT,Aspremont,9,2144,2139,2146,2162,2179,2195,2187,2173,42.6,232,57.4
06007,AURIBEAU-SUR-SIAGNE,Auribeau-sur-Siagne,5,3245,3219,3162,3106,3049,3035,3042,2945,49,616,51
06008,AUVARE,Auvare,18,32,36,40,43,45,46,49,52,35.7,2,64.3
06009,BAIROLS,Bairols,15,104,105,106,107,108,109,107,106,30.8,7,69.2
06010,LE BAR-SUR-LOUP,Le Bar-sur-Loup,14,2976,3014,2998,2991,2926,2860,2795,2805,49.4,206,50.6
06011,BEAULIEU-SUR-MER,Beaulieu-sur-Mer,1,3721,3726,3745,3734,3764,3762,3761,3749,36.4,3445,63.6
06012,BEAUSOLEIL,Beausoleil,3,13884,13625,13618,13279,13272,13567,13515,14194,52.5,4994,47.5
06013,BELVÉDÈRE,Belvédère,76,674,660,646,636,640,640,656,671,35.3,9,64.7
06014,BENDEJUN,Bendejun,6,955,958,961,953,949,939,930,920,42.1,151,57.9
06015,BERRE-LES-ALPES,Berre-les-Alpes,10,1259,1270,1273,1275,1278,1280,1279,1267,44.8,132,55.2
06016,BEUIL,Beuil,75,510,513,516,509,503,496,495,496,34.7,7,65.3
06017,BÉZAUDUN-LES-ALPES,Bézaudun-les-Alpes,22,242,243,245,246,233,223,204,185,57.8,11,42.2
06018,BIOT,Biot,16,9804,9876,9976,10015,10054,9751,9449,9118,51.1,633,48.9
06019,BLAUSASC,Blausasc,10,1514,1448,1469,1466,1468,1470,1469,1441,46.2,149,53.8
06020,LA BOLLÈNE-VÉSUBIE,La Bollène-Vésubie,35,579,567,554,543,552,550,560,570,44.3,16,55.7
06021,BONSON,Bonson,7,737,737,732,727,706,686,665,669,56.2,111,43.8
06022,BOUYON,Bouyon,12,516,494,489,485,484,483,482,473,61,41,39
06023,BREIL-SUR-ROYA,Breil-sur-Roya,82,2166,2271,2375,2480,2444,2415,2313,2212,36,27,64
06024,BRIANÇONNET,Briançonnet,25,222,226,231,236,234,231,217,203,22.9,9,77.1
06025,LE BROC,Le Broc,19,1409,1401,1397,1405,1376,1346,1317,1315,57.3,75,42.7
06026,CABRIS,Cabris,5,1296,1295,1300,1342,1384,1427,1410,1404,31.2,240,68.8
06027,CAGNES-SUR-MER,Cagnes-sur-Mer,18,49902,49322,47811,46940,46686,46632,47141,48024,37,2739,63
06028,CAILLE,Caille,17,436,446,443,437,403,370,336,334,53.6,26,46.4
06029,CANNES,Cannes,21,74152,74285,73744,73325,73603,72607,73234,73372,34,3531,66
06030,LE CANNET,Le Cannet,8,41612,41571,42454,43187,43115,42754,42320,41725,35.8,5418,64.2
06031,CANTARON,Cantaron,7,1322,1337,1354,1357,1337,1288,1239,1190,36.9,181,63.1
06032,CAP-D'AIL,Cap-d'Ail,2,4658,4709,4711,4606,4741,4877,5022,5024,42.7,2117,57.3
06033,CARROS,Carros,15,11614,12008,11955,11756,11497,11462,11508,11590,55.6,751,44.4
06034,CASTAGNIERS,Castagniers,7,1596,1575,1561,1537,1540,1542,1542,1516,44.7,229,55.3
06035,CASTELLAR,Castellar,12,1059,1019,978,972,963,969,974,980,46.1,87,53.9
06036,CASTILLON,Castillon,8,373,378,380,381,383,377,372,357,54.7,49,45.3
06037,CAUSSOLS,Caussols,28,274,260,247,252,253,248,242,237,56.9,10,43.1
06038,CHÂTEAUNEUF-GRASSE,Châteauneuf-Grasse,9,3364,3219,3188,3154,3184,3213,3245,3205,40.8,370,59.2
06039,CHÂTEAUNEUF-VILLEVIEILLE,Châteauneuf-Villevieille,8,922,913,905,896,896,891,872,854,51.2,109,48.8
06040,CHÂTEAUNEUF-D'ENTRAUNES,Châteauneuf-d'Entraunes,29,53,47,48,46,52,57,63,65,42.3,2,57.7
06041,CIPIÈRES,Cipières,38,391,387,382,377,372,374,373,367,48.6,10,51.4
06042,CLANS,Clans,38,614,589,589,582,575,569,562,556,46.9,16,53.1
06043,COARAZE,Coaraze,17,837,843,811,807,783,759,736,732,47,49,53
06044,LA COLLE-SUR-LOUP,La Colle-sur-Loup,10,7866,7895,7932,7815,7726,7701,7676,7640,44.6,801,55.4
06045,COLLONGUES,Collongues,11,87,97,107,105,102,101,100,99,21.7,8,78.3
06046,COLOMARS,Colomars,6,3397,3377,3325,3322,3318,3330,3290,3253,42.1,542,57.9
06047,CONSÉGUDES,Conségudes,13,103,106,101,98,93,88,82,83,53.2,8,46.8
06048,CONTES,Contes,20,7420,7412,7381,7279,7187,7095,7010,6947,45,381,55
06049,COURMES,Courmes,16,125,126,124,115,106,98,100,98,35.7,8,64.3
06050,COURSEGOULES,Coursegoules,41,528,524,517,510,497,484,473,461,55.1,13,44.9
06051,LA CROIX-SUR-ROUDOULE,La Croix-sur-Roudoule,30,98,98,97,98,94,91,87,84,22.9,3,77.1
06052,CUÉBRIS,Cuébris,23,168,151,135,118,122,126,150,173,29,7,71
06053,DALUIS,Daluis,40,146,148,149,151,152,149,148,137,24.5,4,75.5
06054,DRAP,Drap,5,4508,4444,4381,4317,4341,4297,4385,4474,53.4,821,46.6
06055,DURANUS,Duranus,16,135,138,139,154,170,185,181,177,34.3,8,65.7
06056,ENTRAUNES,Entraunes,80,128,118,109,116,120,121,123,128,30.6,2,69.4
06057,L'ESCARÈNE,L'Escarène,11,2507,2507,2511,2480,2449,2414,2399,2384,44.2,238,55.8
06058,ESCRAGNOLLES,Escragnolles,26,612,614,616,618,620,607,596,571,49.5,23,50.5
06059,ÈZE,Èze,10,2252,2343,2435,2526,2535,2550,2686,2823,43.4,236,56.6
06060,FALICON,Falicon,5,1978,1974,1969,1965,1920,1907,1913,1919,40.4,401,59.6
06061,LES FERRES,Les Ferres,14,106,106,103,100,96,100,97,94,35.4,8,64.6
06062,FONTAN,Fontan,50,352,352,355,323,291,259,255,253,30.3,7,69.7
06063,GARS,Gars,15,71,71,70,70,67,63,60,60,16.7,5,83.3
06064,GATTIÈRES,Gattières,10,4115,4111,4108,4101,4103,4036,4052,4069,44.2,406,55.8
06065,LA GAUDE,La Gaude,13,6430,6415,6452,6573,6695,6836,6821,6763,46,479,54
06066,GILETTE,Gilette,11,1566,1536,1506,1512,1516,1505,1494,1482,51.5,148,48.5
06067,GORBIO,Gorbio,7,1468,1387,1306,1307,1304,1294,1284,1275,34.8,208,65.2
06068,GOURDON,Gourdon,23,387,396,404,413,416,413,426,440,45.4,17,54.6
06069,GRASSE,Grasse,44,50677,50937,50409,50916,51021,51631,51036,52019,51.1,1144,48.9
06070,GRÉOLIÈRES,Gréolières,53,596,606,607,597,589,574,559,545,47.5,11,52.5
06071,GUILLAUMES,Guillaumes,86,636,640,656,673,689,690,689,692,29.1,7,70.9
06072,ILONSE,Ilonse,41,193,194,187,180,173,172,167,160,25.3,5,74.7
06073,ISOLA,Isola,100,697,693,698,722,747,769,752,748,41.1,7,58.9
06074,LANTOSQUE,Lantosque,45,1313,1314,1316,1318,1320,1336,1343,1303,40.7,29,59.3
06075,LEVENS,Levens,30,4703,4741,4779,4819,4761,4709,4683,4657,48.9,159,51.1
06076,LIEUCHE,Lieuche,13,45,44,42,41,38,40,40,40,77.8,3,22.2
06077,LUCÉRAM,Lucéram,65,1285,1261,1237,1216,1215,1224,1237,1249,43.4,20,56.6
06078,MALAUSSÈNE,Malaussène,20,308,305,292,278,265,263,267,252,53.1,16,46.9
06079,MANDELIEU-LA-NAPOULE,Mandelieu-la-Napoule,32,22168,22360,22696,22864,22714,22004,22203,21764,32.6,690,67.4
06080,MARIE,Marie,15,104,107,109,100,91,83,84,84,32.1,7,67.9
06081,LE MAS,Le Mas,32,157,158,162,166,171,170,169,156,16.3,5,83.8
06082,MASSOINS,Massoins,12,103,105,106,107,111,118,125,132,28.8,9,71.2
06083,MENTON,Menton,14,28486,28231,28563,28100,29073,28926,28858,28848,38.4,2003,61.6
06084,MOUANS-SARTOUX,Mouans-Sartoux,13,9668,9510,9544,9941,10214,10274,10198,10243,39,765,61
06085,MOUGINS,Mougins,26,19047,18476,18391,18302,17884,18516,18917,19601,44.8,732,55.2
06086,MOULINET,Moulinet,41,281,274,268,246,224,207,207,209,29.6,7,70.4
06087,LES MUJOULS,Les Mujouls,15,49,47,45,43,41,42,44,49,32.3,3,67.7
06088,NICE,Nice,74,342637,342522,343895,342295,343629,344064,343304,340735,42.6,4635,57.4
06089,OPIO,Opio,9,2206,2212,2204,2194,2184,2142,2115,2112,45,237,55
06090,PÉGOMAS,Pégomas,11,7909,7845,7783,7598,7285,7047,6809,6570,48.3,709,51.7
06091,PEILLE,Peille,43,2365,2353,2344,2339,2317,2304,2291,2277,42.4,55,57.6
06092,PEILLON,Peillon,9,1470,1483,1495,1492,1439,1410,1382,1353,41.5,169,58.5
06093,LA PENNE,La Penne,18,229,263,298,332,327,319,313,308,31,13,69
06094,PÉONE,Péone,48,798,866,935,1003,984,961,908,855,35.8,16,64.2
06095,PEYMEINADE,Peymeinade,10,8119,8116,8060,8005,7949,7913,7867,7855,41.1,817,58.9
06096,PIERLAS,Pierlas,31,101,97,93,89,89,90,97,104,11.1,3,88.9
06097,PIERREFEU,Pierrefeu,22,315,307,303,296,282,268,254,255,43,14,57
06098,PUGET-ROSTANG,Puget-Rostang,22,131,133,133,131,123,115,107,105,47.5,6,52.5
06099,PUGET-THÉNIERS,Puget-Théniers,21,1900,1898,1883,1861,1840,1820,1805,1815,47.1,89,52.9
06100,REVEST-LES-ROCHES,Revest-les-Roches,9,233,230,224,217,211,210,212,208,30.4,27,69.6
06101,RIGAUD,Rigaud,32,208,207,211,215,220,216,219,214,32.8,6,67.2
06102,RIMPLAS,Rimplas,25,90,108,126,143,141,136,128,120,28.9,4,71.1
06103,ROQUEBILLIÈRE,Roquebillière,26,1822,1802,1774,1767,1752,1712,1672,1635,33.4,71,66.6
06104,ROQUEBRUNE-CAP-MARTIN,Roquebrune-Cap-Martin,10,12903,12679,12867,12646,12641,12450,12532,13186,39.4,1357,60.6
06105,ROQUEFORT-LES-PINS,Roquefort-les-Pins,22,6695,6628,6553,6404,6222,6289,6355,6422,48.4,309,51.6
06106,ROQUESTÉRON,Roquestéron,6,583,578,574,567,559,555,550,558,44.1,92,55.9
06107,LA ROQUE-EN-PROVENCE,La Roque-en-Provence,24,77,77,78,79,81,80,79,74,25,3,75
06108,LA ROQUETTE-SUR-SIAGNE,La Roquette-sur-Siagne,6,5393,5435,5378,5381,5243,5106,4962,4921,49.8,863,50.2
06109,LA ROQUETTE-SUR-VAR,La Roquette-sur-Var,4,923,906,890,889,897,914,931,952,49.1,217,50.9
06110,ROUBION,Roubion,27,120,118,120,123,125,125,124,119,40.4,4,59.6
06111,ROURE,Roure,40,200,202,202,203,205,206,212,216,12.3,5,87.7
06112,LE ROURET,Le Rouret,7,4010,4003,3996,3989,3965,3887,3857,3826,51,561,49
06113,SAINTE-AGNÈS,Sainte-Agnès,10,1271,1214,1157,1158,1169,1183,1197,1212,48.8,133,51.2
06114,SAINT-ANDRÉ-DE-LA-ROCHE,Saint-André-de-la-Roche,3,5340,5420,5467,5407,5346,5286,5004,4981,49.8,1894,50.2
06115,SAINT-ANTONIN,Saint-Antonin,6,95,102,109,116,118,113,109,106,20.3,15,79.7
06116,SAINT-AUBAN,Saint-Auban,43,227,233,234,232,228,224,222,220,24.5,5,75.5
06117,SAINT-BLAISE,Saint-Blaise,8,1013,1013,1005,996,988,977,959,948,55.3,127,44.7
06118,SAINT-CÉZAIRE-SUR-SIAGNE,Saint-Cézaire-sur-Siagne,30,3913,3927,3930,3851,3772,3692,3670,3652,47.9,130,52.1
06119,SAINT-DALMAS-LE-SELVAGE,Saint-Dalmas-le-Selvage,81,122,122,122,123,125,126,126,131,29.6,2,70.4
06120,SAINT-ÉTIENNE-DE-TINÉE,Saint-Étienne-de-Tinée,173,1551,1468,1385,1291,1298,1296,1304,1311,36.8,9,63.2
06121,SAINT-JEAN-CAP-FERRAT,Saint-Jean-Cap-Ferrat,3,1618,1628,1645,1767,1889,2014,2030,2035,29.8,584,70.2
06122,SAINT-JEANNET,Saint-Jeannet,15,4099,4071,4030,3992,3887,3783,3682,3669,47.1,280,52.9
06123,SAINT-LAURENT-DU-VAR,Saint-Laurent-du-Var,9,28645,28919,29067,28891,29343,29942,29963,29897,38.7,3051,61.3
06124,SAINT-LÉGER,Saint-Léger,5,57,63,69,69,69,68,67,66,14.7,13,85.3
06125,SAINT-MARTIN-D'ENTRAUNES,Saint-Martin-d'Entraunes,40,131,121,116,112,102,93,83,83,15.1,3,84.9
06126,SAINT-MARTIN-DU-VAR,Saint-Martin-du-Var,5,2940,2882,2776,2735,2682,2630,2576,2539,53,604,47
06127,SAINT-MARTIN-VÉSUBIE,Saint-Martin-Vésubie,97,1394,1394,1391,1368,1345,1322,1324,1325,25.4,14,74.6
06128,SAINT-PAUL-DE-VENCE,Saint-Paul-de-Vence,7,3456,3451,3477,3504,3548,3533,3486,3481,37.1,475,62.9
06129,SAINT-SAUVEUR-SUR-TINÉE,Saint-Sauveur-sur-Tinée,32,323,338,357,352,347,345,343,336,39.8,10,60.2
06130,SAINT-VALLIER-DE-THIEY,Saint-Vallier-de-Thiey,52,3560,3526,3493,3480,3478,3399,3321,3254,56.6,68,43.4
06131,SALLAGRIFFON,Sallagriffon,10,47,45,43,44,45,47,50,52,17.9,5,82.1
06132,SAORGE,Saorge,84,461,455,449,442,444,446,442,438,25.8,5,74.2
06133,SAUZE,Sauze,28,74,78,82,82,84,91,98,106,17.1,3,82.9
06134,SÉRANON,Séranon,23,506,487,491,489,482,475,477,466,44.6,22,55.4
06135,SIGALE,Sigale,6,201,203,206,206,210,210,209,209,46.2,36,53.8
06136,SOSPEL,Sospel,62,3815,3782,3709,3636,3568,3537,3527,3523,44.4,61,55.6
06137,SPÉRACÈDES,Spéracèdes,3,1317,1295,1293,1286,1279,1271,1266,1257,39.8,380,60.2
06138,THÉOULE-SUR-MER,Théoule-sur-Mer,11,1476,1533,1527,1514,1526,1538,1551,1559,35.6,138,64.4
06139,THIÉRY,Thiéry,22,107,104,102,103,104,102,103,102,18.1,5,81.9
06140,LE TIGNET,Le Tignet,11,3228,3311,3298,3267,3225,3182,3140,3124,44.7,284,55.3
06141,TOUDON,Toudon,18,338,332,326,322,317,301,286,270,49.4,18,50.6
06142,TOUËT-DE-L'ESCARÈNE,Touët-de-l'Escarène,5,285,289,297,305,313,320,325,312,51.5,62,48.5
06143,TOUËT-SUR-VAR,Touët-sur-Var,14,673,681,690,698,686,682,661,641,46.1,47,53.9
06144,LA TOUR,La Tour,36,573,579,576,573,537,501,465,451,43.6,16,56.4
06145,TOURETTE-DU-CHÂTEAU,Tourette-du-Château,10,128,126,124,122,119,117,117,117,30.9,13,69.1
06146,TOURNEFORT,Tournefort,10,164,162,155,147,140,141,138,143,66.7,17,33.3
06147,TOURRETTE-LEVENS,Tourrette-Levens,16,4919,4877,4836,4794,4786,4731,4729,4726,49.1,298,50.9
06148,TOURRETTES-SUR-LOUP,Tourrettes-sur-Loup,29,3988,3995,3992,3990,3993,4008,4007,4110,37.9,136,62.1
06149,LA TRINITÉ,La Trinité,15,10083,10222,10171,10232,10085,10230,10332,10438,49.1,677,50.9
06150,LA TURBIE,La Turbie,7,3105,3119,3146,3162,3179,3194,3180,3170,42.6,421,57.4
06151,UTELLE,Utelle,68,853,832,812,793,765,743,720,698,45.2,13,54.8
06152,VALBONNE,Valbonne,20,13070,13183,13190,13092,12619,12802,12275,12054,65.3,653,34.7
06153,VALDEBLORE,Valdeblore,93,851,848,870,891,908,901,882,856,40.3,9,59.7
06154,VALDEROURE,Valderoure,25,441,429,418,417,421,409,397,386,35.6,18,64.4
06155,VALLAURIS,Vallauris,13,26618,25966,26302,26465,26595,27411,28252,27991,37.9,2027,62.1
06156,VENANSON,Venanson,18,157,155,152,150,152,154,149,143,19.2,9,80.8
06157,VENCE,Vence,39,18599,18393,18536,19052,19241,19160,19281,19183,39.6,473,60.4
06158,VILLARS-SUR-VAR,Villars-sur-Var,25,757,726,695,668,667,671,671,671,50.7,30,49.3
06159,VILLEFRANCHE-SUR-MER,Villefranche-sur-Mer,5,5098,5112,5219,5326,5443,5416,5419,5831,28.3,1034,71.7
06160,VILLENEUVE-D'ENTRAUNES,Villeneuve-d'Entraunes,28,74,68,67,67,73,79,85,84,18.4,3,81.6
06161,VILLENEUVE-LOUBET,Villeneuve-Loubet,20,14672,14266,13808,14346,14814,14995,15020,15091,45.6,735,54.4
06162,LA BRIGUE,La Brigue,94,698,706,713,719,726,734,700,665,26.1,7,73.9
06163,TENDE,Tende,177,2184,2174,2164,2157,2153,2114,2084,2054,28.9,12,71.1
13001,AIX-EN-PROVENCE,Aix-en-Provence,188,143006,142668,142149,141545,141148,140684,141438,141895,47,762,53
13002,ALLAUCH,Allauch,50,21228,21332,21481,21276,20690,20243,19521,18646,42.8,421,57.2
13003,ALLEINS,Alleins,17,2519,2494,2468,2443,2428,2403,2414,2426,53.2,149,46.8
13004,ARLES,Arles,758,52857,52886,52697,52566,52439,52510,52661,52979,42.9,70,57.1
13005,AUBAGNE,Aubagne,55,45290,45410,45128,45303,45243,45800,46423,46568,46.1,826,53.9
13006,AUREILLE,Aureille,22,1537,1553,1568,1550,1544,1521,1499,1476,43.1,71,56.9
13007,AURIOL,Auriol,45,11417,11538,11377,11325,11621,11886,11764,11685,49.3,256,50.7
13008,AURONS,Aurons,13,542,533,533,531,531,532,532,545,46.4,43,53.6
13009,LA BARBEN,La Barben,23,853,814,798,761,724,687,684,701,57.2,37,42.8
13010,BARBENTANE,Barbentane,27,4127,4123,4039,3956,3877,3899,3791,3777,44.9,151,55.1
13011,LES BAUX-DE-PROVENCE,Les Baux-de-Provence,18,361,391,420,450,465,451,436,421,20.8,20,79.2
13012,BEAURECUEIL,Beaurecueil,10,578,578,545,539,551,564,613,612,22.6,57,77.4
13013,BELCODÈNE,Belcodène,13,1902,1906,1909,1861,1849,1824,1799,1791,51.2,145,48.8
13014,BERRE-L'ÉTANG,Berre-l'Étang,44,13483,13477,13689,13937,13978,13840,13582,13853,51.3,307,48.7
13015,BOUC-BEL-AIR,Bouc-Bel-Air,22,14477,14351,14097,13963,13844,13761,13679,13461,45.8,661,54.2
13016,LA BOUILLADISSE,La Bouilladisse,13,6135,6079,6056,6046,6022,5997,5990,5906,47.4,482,52.6
13017,BOULBON,Boulbon,19,1495,1483,1497,1497,1510,1522,1535,1536,42.2,77,57.8
13018,CABANNES,Cabannes,15,4439,4414,4423,4372,4357,4341,4319,4300,49.8,287,50.2
13019,CABRIÈS,Cabriès,37,9708,9627,9492,9251,9011,8800,8572,8059,49.8,265,50.2
13020,CADOLIVE,Cadolive,4,2159,2158,2135,2123,2123,2124,2124,2134,49.1,512,50.9
13021,CARRY-LE-ROUET,Carry-le-Rouet,10,5892,5891,5908,6053,6197,6338,6305,6320,30.4,587,69.6
13022,CASSIS,Cassis,26,7162,7221,7333,7446,7560,7712,7722,7758,32,274,68
13023,CEYRESTE,Ceyreste,23,4539,4489,4385,4282,4178,4183,4112,4121,43.3,196,56.7
13024,CHARLEVAL,Charleval,14,2715,2731,2604,2532,2515,2498,2481,2411,52.7,189,47.3
13025,CHÂTEAUNEUF-LE-ROUGE,Châteauneuf-le-Rouge,13,2162,2172,2171,2150,2130,2109,2123,2129,45.3,164,54.7
13026,CHÂTEAUNEUF-LES-MARTIGUES,Châteauneuf-les-Martigues,33,16349,15057,14146,13792,13277,12266,11665,11331,52.2,499,47.8
13027,CHÂTEAURENARD,Châteaurenard,35,15440,15624,15644,15780,15934,15665,14928,14971,48,443,52
13028,LA CIOTAT,La Ciotat,32,35366,35580,35631,34655,34063,33738,33829,33812,37.5,1097,62.5
13029,CORNILLON-CONFOUX,Cornillon-Confoux,15,1372,1371,1370,1350,1348,1342,1337,1339,42.8,92,57.2
13030,CUGES-LES-PINS,Cuges-les-Pins,40,5043,5007,4977,4947,4922,4898,4873,4836,55.4,127,44.6
13031,LA DESTROUSSE,La Destrousse,3,3442,3381,3320,3101,3074,3013,2953,2892,39.2,1151,60.8
13032,ÉGUILLES,Éguilles,34,7764,7672,7579,7510,7453,7504,7554,7607,43.4,227,56.6
13033,ENSUÈS-LA-REDONNE,Ensuès-la-Redonne,26,5483,5467,5451,5365,5311,5254,5225,5197,51,210,49
13034,EYGALIÈRES,Eygalières,34,1889,1830,1778,1769,1761,1752,1775,1772,31.8,56,68.2
13035,EYGUIÈRES,Eyguières,69,7112,6996,6852,6724,6596,6446,6404,6424,50.2,103,49.8
13036,EYRAGUES,Eyragues,21,4436,4354,4271,4189,4178,4100,4170,4241,43.9,213,56.1
13037,LA FARE-LES-OLIVIERS,La Fare-les-Oliviers,14,8287,8097,8039,7980,7618,7256,6895,6710,50.5,583,49.5
13038,FONTVIEILLE,Fontvieille,40,3614,3627,3619,3636,3653,3670,3621,3594,33.9,90,66.1
13039,FOS-SUR-MER,Fos-sur-Mer,89,15608,15831,15857,15814,15859,15499,15357,15453,55,176,45
13040,FUVEAU,Fuveau,30,9971,9756,9638,9519,9369,9350,9247,9070,55.5,331,44.5
13041,GARDANNE,Gardanne,27,20407,19749,19910,19844,20616,20473,20474,20785,51.1,751,48.9
13042,GÉMENOS,Gémenos,33,6452,6387,6179,6232,6198,6165,6137,6037,40.8,196,59.2
13043,GIGNAC-LA-NERTHE,Gignac-la-Nerthe,9,9045,9063,9129,9099,9070,9055,9018,9127,48.3,1053,51.7
13044,GRANS,Grans,28,4911,4703,4457,4362,4319,4282,4245,4217,47.2,177,52.8
13045,GRAVESON,Graveson,24,4874,4838,4659,4479,4271,4032,3914,3875,55.8,205,44.2
13046,GRÉASQUE,Gréasque,6,4217,4111,4033,4059,4086,4112,4109,4019,47.7,678,52.3
13047,ISTRES,Istres,114,42925,43086,43463,42937,42944,42943,42544,42460,52.4,375,47.6
13048,JOUQUES,Jouques,80,4403,4393,4377,4267,4257,4248,4238,4127,48.9,55,51.1
13049,LAMANON,Lamanon,19,2020,2031,2007,1977,1900,1823,1747,1739,47.4,104,52.6
13050,LAMBESC,Lambesc,65,9657,9584,9459,9335,9261,9250,9239,8991,49.1,148,50.9
13051,LANÇON-PROVENCE,Lançon-Provence,69,8885,8811,8738,8671,8473,8399,8326,8258,57,128,43
13052,MAILLANE,Maillane,17,2540,2518,2494,2465,2437,2408,2318,2283,49.9,150,50.1
13053,MALLEMORT,Mallemort,29,5948,5880,5972,6063,6197,6208,6041,5925,49.7,208,50.3
13054,MARIGNANE,Marignane,24,33658,33929,34154,33986,34405,34393,34485,34226,51.9,1429,48.1
13055,MARSEILLE,Marseille,239,862211,861635,858120,855393,852516,850636,850726,850602,50.6,3615,49.4
13056,MARTIGUES,Martigues,74,48783,49403,48870,47904,47624,47614,47544,46625,45.1,655,54.9
13057,MAS-BLANC-DES-ALPILLES,Mas-Blanc-des-Alpilles,2,516,518,515,508,507,505,502,507,58,329,42
13058,MAUSSANE-LES-ALPILLES,Maussane-les-Alpilles,32,2253,2226,2203,2222,2242,2261,2132,2076,34.6,71,65.4
13059,MEYRARGUES,Meyrargues,42,3751,3745,3738,3743,3704,3625,3578,3531,53.8,90,46.2
13060,MEYREUIL,Meyreuil,20,5543,5417,5371,5291,5293,5294,5295,5255,52.8,275,47.2
13061,SAINT-PIERRE-DE-MÉZOARGUES,Saint-Pierre-de-Mézoargues,4,207,214,221,227,232,235,242,249,41.1,48,58.9
13062,MIMET,Mimet,19,4617,4607,4591,4563,4536,4508,4519,4526,45.6,245,54.4
13063,MIRAMAS,Miramas,26,25756,25639,25583,25002,25064,25265,25368,25440,53.2,1000,46.8
13064,MOLLÉGÈS,Mollégès,14,2581,2558,2551,2527,2534,2540,2547,2493,47.4,181,52.6
13065,MOURIÈS,Mouriès,38,3419,3450,3470,3448,3484,3520,3560,3297,41.9,89,58.1
13066,NOVES,Noves,27,5849,5761,5610,5459,5293,5238,5233,5169,49.4,221,50.6
13067,ORGON,Orgon,35,3037,3104,3109,3114,3120,3126,3118,3055,50.9,87,49.1
13068,PARADOU,Paradou,16,1979,1936,1853,1750,1638,1526,1417,1357,48.7,125,51.3
13069,PÉLISSANNE,Pélissanne,19,10217,10055,9909,9763,9601,9585,9518,9370,47.8,534,52.2
13070,LA PENNE-SUR-HUVEAUNE,La Penne-sur-Huveaune,4,6433,6385,6338,6264,6300,6338,6336,6335,44.2,1762,55.8
13071,LES PENNES-MIRABEAU,Les Pennes-Mirabeau,34,21361,21387,20492,20018,20279,19534,19482,19634,42.5,633,57.5
13072,PEYNIER,Peynier,25,3405,3368,3233,3099,2974,2966,2943,2975,49.8,137,50.2
13073,PEYPIN,Peypin,13,5441,5454,5465,5431,5397,5363,5384,5375,48.7,409,51.3
13074,PEYROLLES-EN-PROVENCE,Peyrolles-en-Provence,35,5041,4976,4912,4956,4751,4717,4682,4648,56,144,44
13075,PLAN-DE-CUQUES,Plan-de-Cuques,9,10363,10464,10518,10689,10896,10974,10917,10990,39.8,1218,60.2
13076,PLAN-D'ORGON,Plan-d'Orgon,15,3429,3406,3326,3137,3067,2981,2895,2816,50,229,50
13077,PORT-DE-BOUC,Port-de-Bouc,12,16682,17090,17366,17208,17112,17211,17216,17181,46.7,1415,53.3
13078,PORT-SAINT-LOUIS-DU-RHÔNE,Port-Saint-Louis-du-Rhône,83,8519,8588,8661,8565,8579,8609,8638,8714,46.7,102,53.3
13079,PUYLOUBIER,Puyloubier,41,1780,1799,1817,1873,1860,1845,1821,1798,46.2,43,53.8
13080,LE PUY-SAINTE-RÉPARADE,Le Puy-Sainte-Réparade,45,5637,5557,5476,5389,5379,5338,5299,5261,46.4,126,53.6
13081,ROGNAC,Rognac,18,12016,11870,11830,11700,11737,11707,11770,11931,51.6,681,48.4
13082,ROGNES,Rognes,58,4765,4795,4777,4686,4684,4683,4682,4678,44.1,82,55.9
13083,ROGNONAS,Rognonas,8,4073,4046,4018,4030,4024,4064,4104,4144,41.2,485,58.8
13084,LA ROQUE-D'ANTHÉRON,La Roque-d'Anthéron,25,5455,5469,5461,5425,5390,5357,5186,5143,53.3,214,46.7
13085,ROQUEFORT-LA-BÉDOULE,Roquefort-la-Bédoule,31,5632,5528,5423,5321,5148,5063,5052,5042,42.2,182,57.8
13086,ROQUEVAIRE,Roquevaire,24,8962,8939,8857,8776,8693,8548,8549,8489,47.4,374,52.6
13087,ROUSSET,Rousset,20,4811,4768,4730,4646,4561,4478,4432,4393,56.2,246,43.8
13088,LE ROVE,Le Rove,23,5121,4777,4607,4557,4507,4456,4273,4223,44.1,221,55.9
13089,SAINT-ANDIOL,Saint-Andiol,16,3204,3306,3303,3299,3298,3211,3189,3193,52.1,199,47.9
13090,SAINT-ANTONIN-SUR-BAYON,Saint-Antonin-sur-Bayon,18,124,124,127,128,130,131,137,142,24,7,76
13091,SAINT-CANNAT,Saint-Cannat,37,5590,5550,5644,5388,5431,5474,5523,5470,46.2,152,53.8
13092,SAINT-CHAMAS,Saint-Chamas,27,8418,8302,8186,8069,7852,7774,7778,7781,51.5,313,48.5
13093,SAINT-ESTÈVE-JANSON,Saint-Estève-Janson,7,380,379,379,357,359,356,354,351,52.5,56,47.5
13094,SAINT-ÉTIENNE-DU-GRÈS,Saint-Étienne-du-Grès,29,2469,2438,2406,2379,2302,2297,2250,2202,40.9,84,59.1
13095,SAINT-MARC-JAUMEGARDE,Saint-Marc-Jaumegarde,23,1226,1228,1193,1159,1125,1116,1123,1112,39.6,53,60.4
13096,SAINTES-MARIES-DE-LA-MER,Saintes-Maries-de-la-Mer,372,2504,2680,2683,2593,2495,2396,2296,2308,35.1,7,64.9
13097,SAINT-MARTIN-DE-CRAU,Saint-Martin-de-Crau,215,13097,13673,13385,12737,12072,11371,11180,11003,46.1,61,53.9
13098,SAINT-MITRE-LES-REMPARTS,Saint-Mitre-les-Remparts,21,5875,5912,5841,5870,5721,5573,5428,5379,40.5,278,59.5
13099,SAINT-PAUL-LÈS-DURANCE,Saint-Paul-lès-Durance,46,855,841,889,937,987,947,985,979,51.5,19,48.5
13100,SAINT-RÉMY-DE-PROVENCE,Saint-Rémy-de-Provence,90,9612,9775,9765,9798,10406,10826,10617,10458,33.8,107,66.2
13101,SAINT-SAVOURNIN,Saint-Savournin,6,3338,3315,3266,3241,3240,3240,3239,3151,54.6,564,45.4
13102,SAINT-VICTORET,Saint-Victoret,5,6587,6550,6534,6567,6632,6596,6561,6514,47.1,1404,52.9
13103,SALON-DE-PROVENCE,Salon-de-Provence,71,45574,44836,44187,44263,43771,42812,43152,42440,50.4,646,49.6
13104,SAUSSET-LES-PINS,Sausset-les-Pins,12,7608,7624,7639,7655,7703,7740,7606,7471,32,619,68
13105,SÉNAS,Sénas,31,7005,7022,7006,6888,6770,6661,6540,6405,52.4,228,47.6
13106,SEPTÈMES-LES-VALLONS,Septèmes-les-Vallons,18,10848,10721,10794,10713,10708,11067,11209,10590,47.9,611,52.1
13107,SIMIANE-COLLONGUE,Simiane-Collongue,30,5561,5584,5534,5483,5437,5437,5435,5604,47.8,184,52.2
13108,TARASCON,Tarascon,74,15020,15056,14583,13941,13540,13105,13297,13152,52.7,202,47.3
13109,LE THOLONET,Le Tholonet,11,2344,2376,2369,2313,2289,2266,2240,2221,46.4,216,53.6
13110,TRETS,Trets,70,10919,10963,10896,10719,10383,10220,10288,10311,53.9,156,46.1
13111,VAUVENARGUES,Vauvenargues,54,1015,1023,1032,1040,1034,1027,992,956,38.5,19,61.5
13112,VELAUX,Velaux,25,8783,8876,8949,8930,8664,8589,8515,8466,46.8,349,53.2
13113,VENELLES,Venelles,21,8354,8352,8349,8347,8278,8227,8185,8142,43.7,407,56.3
13114,VENTABREN,Ventabren,26,5357,5278,5067,4857,4646,4598,4581,4674,47.2,203,52.8
13115,VERNÈGUES,Vernègues,16,1754,1701,1648,1586,1524,1463,1437,1386,66.5,110,33.5
13116,VERQUIÈRES,Verquières,5,826,816,805,795,799,815,803,791,49.6,179,50.4
13117,VITROLLES,Vitrolles,37,33880,34089,34236,34493,34843,34827,35021,36117,54.3,922,45.7
13118,COUDOUX,Coudoux,13,3698,3631,3564,3529,3470,3459,3448,3447,55.7,292,44.3
13119,CARNOUX-EN-PROVENCE,Carnoux-en-Provence,4,6546,6615,6684,6754,6764,6792,6862,6933,39.9,1764,60.1
83001,LES ADRETS-DE-L'ESTÉREL,Les Adrets-de-l'Estérel,23,2745,2741,2757,2774,2788,2641,2629,2656,41.7,122,58.3
83002,AIGUINES,Aiguines,116,274,271,265,270,269,265,261,256,30.6,2,69.4
83003,AMPUS,Ampus,84,944,943,938,934,931,927,925,898,39.5,11,60.5
83004,LES ARCS,Les Arcs,54,7104,7143,7171,7137,6971,6743,6515,6305,44.6,130,55.4
83005,ARTIGNOSC-SUR-VERDON,Artignosc-sur-Verdon,19,328,326,328,319,310,300,297,293,27,17,73
83006,ARTIGUES,Artigues,33,248,243,240,228,216,204,199,205,53.8,8,46.2
83007,AUPS,Aups,65,2181,2134,2124,2122,2113,2104,2095,2083,33.6,34,66.4
83008,BAGNOLS-EN-FORÊT,Bagnols-en-Forêt,43,2746,2700,2695,2628,2565,2503,2440,2406,38.3,64,61.7
83009,BANDOL,Bandol,9,8366,8122,7878,7636,7622,7663,8028,8394,24,921,76
83010,BARGÈME,Bargème,28,206,196,185,183,180,167,155,142,35.8,7,64.2
83011,BARGEMON,Bargemon,35,1374,1429,1484,1539,1529,1512,1496,1480,38.2,39,61.8
83012,BARJOLS,Barjols,30,3015,3051,3089,3060,3080,3069,3059,3047,37.4,99,62.6
83013,LA BASTIDE,La Bastide,12,199,193,195,198,200,202,205,197,35.5,17,64.5
83014,BAUDINARD-SUR-VERDON,Baudinard-sur-Verdon,22,223,221,215,209,202,199,189,176,28.7,10,71.3
83015,BAUDUEN,Bauduen,52,316,316,318,321,324,327,320,324,32.8,6,67.2
83016,LE BEAUSSET,Le Beausset,36,9637,9488,9417,9310,9204,9092,9115,9103,43.1,267,56.9
83017,BELGENTIER,Belgentier,13,2432,2435,2437,2440,2421,2438,2424,2411,48.5,181,51.5
83018,BESSE-SUR-ISSOLE,Besse-sur-Issole,37,3050,3049,3048,3048,3025,2980,2918,2855,47.1,82,52.9
83019,BORMES-LES-MIMOSAS,Bormes-les-Mimosas,97,7982,7862,7839,7847,7698,7548,7406,7321,29.4,82,70.6
83020,LE BOURGUET,Le Bourguet,25,31,30,29,28,26,25,26,25,15.8,1,84.2
83021,BRAS,Bras,36,2732,2675,2591,2567,2543,2520,2449,2424,54.5,76,45.5
83022,BRENON,Brenon,6,31,30,29,26,24,21,24,25,54.5,5,45.5
83023,BRIGNOLES,Brignoles,71,17498,17093,16690,16450,16454,16171,16368,16466,52.4,247,47.6
83025,BRUE-AURIAC,Brue-Auriac,37,1343,1322,1289,1256,1222,1208,1210,1186,52.5,37,47.5
83026,CABASSE,Cabasse,46,1932,1918,1919,1929,1949,1968,1988,1928,51.4,42,48.6
83027,LA CADIÈRE-D'AZUR,La Cadière-d'Azur,38,5537,5499,5514,5487,5448,5410,5385,5310,39.9,147,60.1
83028,CALLAS,Callas,49,1880,1851,1820,1836,1829,1823,1816,1813,36.3,38,63.7
83029,CALLIAN,Callian,25,3165,3238,3310,3385,3346,3287,3208,3128,39.7,124,60.3
83030,CAMPS-LA-SOURCE,Camps-la-Source,23,1876,1851,1829,1808,1788,1751,1713,1650,47.9,82,52.1
83031,LE CANNET-DES-MAURES,Le Cannet-des-Maures,74,4328,4356,4373,4345,4187,4128,4070,4013,41.4,59,58.6
83032,CARCÈS,Carcès,36,3485,3463,3425,3406,3386,3360,3332,3268,35.5,97,64.5
83033,CARNOULES,Carnoules,26,3462,3476,3493,3445,3385,3313,3241,3172,45.7,134,54.3
83034,CARQUEIRANNE,Carqueiranne,15,9846,9990,9986,9905,9899,9894,9886,9813,30.3,662,69.7
83035,LE CASTELLET,Le Castellet,45,3875,3947,4019,4088,4083,4022,4099,4175,38.1,85,61.9
83036,CAVALAIRE-SUR-MER,Cavalaire-sur-Mer,17,7270,7139,7166,7150,7062,6975,6884,6731,29.6,429,70.4
83037,LA CELLE,La Celle,22,1457,1433,1408,1385,1353,1317,1305,1293,45.8,68,54.2
83038,CHÂTEAUDOUBLE,Châteaudouble,41,469,466,462,457,452,456,465,467,48,11,52
83039,CHÂTEAUVERT,Châteauvert,28,149,145,142,138,136,137,135,132,38.2,5,61.8
83040,CHÂTEAUVIEUX,Châteauvieux,15,87,85,84,81,78,75,76,73,32.5,6,67.5
83041,CLAVIERS,Claviers,16,678,687,690,652,613,575,583,606,31.6,42,68.4
83042,COGOLIN,Cogolin,28,12032,12387,12517,11642,11186,11119,11108,11104,49.6,432,50.4
83043,COLLOBRIÈRES,Collobrières,113,1921,1919,1921,1887,1854,1834,1866,1843,38.6,17,61.4
83044,COMPS-SUR-ARTUBY,Comps-sur-Artuby,64,382,378,376,355,334,313,325,328,43.3,6,56.7
83045,CORRENS,Correns,37,905,893,880,868,875,867,842,817,44.3,24,55.7
83046,COTIGNAC,Cotignac,44,2208,2254,2292,2292,2313,2257,2201,2148,21.6,50,78.4
83047,LA CRAU,La Crau,38,17920,17292,16749,16612,16592,16855,16786,16815,46.1,477,53.9
83048,LA CROIX-VALMER,La Croix-Valmer,23,3798,3810,3711,3612,3509,3498,3429,3351,34.9,167,65.1
83049,CUERS,Cuers,51,11192,10832,10562,10570,10452,10333,10246,10041,49.1,219,50.9
83050,DRAGUIGNAN,Draguignan,54,40053,40278,40054,39174,37476,37501,36391,36601,47.9,741,52.1
83051,ENTRECASTEAUX,Entrecasteaux,32,1117,1105,1092,1080,1087,1089,1065,1041,37.4,35,62.6
83052,ESPARRON,Esparron,30,349,345,344,341,338,334,324,313,48,12,52
83053,ÉVENOS,Évenos,42,2325,2246,2166,2141,2120,2128,2137,2145,42.5,55,57.5
83054,LA FARLÈDE,La Farlède,8,8768,8748,8755,8719,8682,8591,8304,8135,42.3,1050,57.7
83055,FAYENCE,Fayence,28,5731,5670,5602,5505,5460,5285,5109,4928,40.3,206,59.7
83056,FIGANIÈRES,Figanières,28,2602,2594,2608,2594,2576,2559,2547,2539,43.4,92,56.6
83057,FLASSANS-SUR-ISSOLE,Flassans-sur-Issole,45,3513,3485,3424,3327,3229,3132,3093,3036,52.2,78,47.8
83058,FLAYOSC,Flayosc,46,4318,4341,4365,4401,4366,4393,4419,4446,32.9,93,67.1
83059,FORCALQUEIRET,Forcalqueiret,11,2871,2813,2755,2697,2632,2547,2421,2295,50.9,268,49.1
83060,FOX-AMPHOUX,Fox-Amphoux,41,463,475,486,496,483,467,455,443,32.5,11,67.5
83061,FRÉJUS,Fréjus,105,53168,52897,53511,53039,52532,52344,51839,52203,37.7,506,62.3
83062,LA GARDE,La Garde,16,25236,25047,25145,25298,25736,25613,25930,26064,44.3,1600,55.7
83063,LA GARDE-FREINET,La Garde-Freinet,77,1882,1878,1855,1833,1810,1761,1746,1761,43.9,25,56.1
83064,GARÉOULT,Garéoult,16,5349,5369,5403,5422,5486,5549,5613,5622,34.3,337,65.7
83065,GASSIN,Gassin,25,2557,2576,2658,2739,2818,2832,2853,2868,34,103,66
83066,GINASSERVIS,Ginasservis,38,1782,1709,1636,1562,1551,1523,1496,1469,51,47,49
83067,GONFARON,Gonfaron,42,4313,4336,4302,4273,4244,4215,4192,4107,49,103,51
83068,GRIMAUD,Grimaud,45,4421,4300,4065,4035,4041,4106,4171,4309,40.2,99,59.8
83069,HYÈRES,Hyères,134,55772,56478,56502,55713,55402,54527,54600,54686,36.5,417,63.5
83070,LE LAVANDOU,Le Lavandou,30,5759,5533,5246,5148,5165,5356,5546,5747,25.5,189,74.5
83071,LA LONDE-LES-MAURES,La Londe-les-Maures,80,10235,10173,8234,8134,9116,9918,9870,9910,28.5,128,71.5
83072,LORGUES,Lorgues,65,8968,9042,9116,9193,9047,9004,8976,8948,33.9,139,66.1
83073,LE LUC,Le Luc,44,10952,10821,10502,10183,9874,9532,9498,9270,47.3,247,52.7
83074,LA MARTRE,La Martre,21,213,209,205,201,198,193,183,173,33.3,10,66.7
83075,LES MAYONS,Les Mayons,29,641,636,639,641,644,645,639,626,37.1,22,62.9
83076,MAZAUGUES,Mazaugues,54,899,887,868,858,848,838,822,801,55.4,17,44.6
83077,MÉOUNES-LÈS-MONTRIEUX,Méounes-lès-Montrieux,41,2165,2152,2125,2073,2051,2028,2001,1947,52.2,53,47.8
83078,MOISSAC-BELLEVUE,Moissac-Bellevue,21,292,296,299,304,302,289,284,278,20.1,14,79.9
83079,LA MÔLE,La Môle,46,1418,1397,1375,1286,1198,1108,1067,999,60.8,31,39.2
83080,MONS,Mons,77,835,853,871,868,866,864,863,861,27.7,11,72.3
83081,MONTAUROUX,Montauroux,37,6346,6298,6218,6118,6019,5916,5801,5653,51.2,170,48.8
83082,MONTFERRAT,Montferrat,34,1549,1519,1490,1459,1446,1445,1344,1244,60.6,45,39.4
83083,MONTFORT-SUR-ARGENS,Montfort-sur-Argens,12,1331,1311,1297,1283,1269,1239,1209,1180,44.9,112,55.1
83084,MONTMEYAN,Montmeyan,40,561,571,580,590,592,577,560,543,29.7,14,70.3
83085,LA MOTTE,La Motte,29,2875,2931,2988,3044,3000,2948,2930,2913,40.4,99,59.6
83086,LE MUY,Le Muy,67,9248,9361,9389,9328,9327,9189,9050,8983,43,138,57
83087,NANS-LES-PINS,Nans-les-Pins,49,4453,4276,4227,4166,4153,4141,4132,4123,38.2,91,61.8
83088,NÉOULES,Néoules,25,2692,2651,2612,2573,2533,2535,2486,2462,54.5,107,45.5
83089,OLLIÈRES,Ollières,40,638,630,617,624,627,631,635,640,47.7,16,52.3
83090,OLLIOULES,Ollioules,20,13563,13365,13167,13321,13267,13023,12774,12945,40.3,668,59.7
83091,PIERREFEU-DU-VAR,Pierrefeu-du-Var,59,6060,6074,6089,6049,5867,5707,5548,5388,47,103,53
83092,PIGNANS,Pignans,34,4008,3896,3795,3689,3582,3476,3357,3296,50.4,116,49.6
83093,PLAN-D'AUPS-SAINTE-BAUME,Plan-d'Aups-Sainte-Baume,25,2113,2067,2022,1955,1859,1718,1577,1439,56.1,86,43.9
83094,LE PLAN-DE-LA-TOUR,Le Plan-de-la-Tour,38,2714,2695,2666,2747,2829,2910,2875,2859,47.8,71,52.2
83095,PONTEVÈS,Pontevès,41,767,786,800,786,781,747,712,678,34.2,19,65.8
83096,POURCIEUX,Pourcieux,21,1566,1503,1441,1378,1173,1163,1136,1109,63.3,74,36.7
83097,POURRIÈRES,Pourrières,57,5123,5000,4877,4754,4543,4493,4475,4457,55.7,90,44.3
83098,LE PRADET,Le Pradet,10,10027,10217,10564,11074,11336,11401,11506,11455,33.5,968,66.5
83099,PUGET-SUR-ARGENS,Puget-sur-Argens,27,7839,7528,7322,7116,6915,6630,6587,6722,47.8,290,52.2
83100,PUGET-VILLE,Puget-Ville,37,4235,4177,4118,4060,3951,3878,3801,3724,52.2,114,47.8
83101,RAMATUELLE,Ramatuelle,35,2077,2094,2111,2124,2126,2127,2183,2240,30.6,59,69.4
83102,RÉGUSSE,Régusse,36,2615,2512,2409,2306,2280,2244,2156,2067,29.5,73,70.5
83103,LE REVEST-LES-EAUX,Le Revest-les-Eaux,24,3812,3794,3735,3675,3616,3644,3693,3694,44.5,157,55.5
83104,RIANS,Rians,97,4264,4254,4284,4313,4345,4253,4197,4199,45.8,44,54.2
83105,RIBOUX,Riboux,14,44,42,39,36,33,34,33,34,57.1,3,42.9
83106,ROCBARON,Rocbaron,20,4925,4866,4718,4389,4059,3735,3595,3544,58.1,241,41.9
83107,ROQUEBRUNE-SUR-ARGENS,Roquebrune-sur-Argens,107,14048,13195,12344,12344,12155,12308,12822,12708,37.6,131,62.4
83108,LA ROQUEBRUSSANNE,La Roquebrussanne,37,2578,2540,2540,2526,2513,2499,2372,2324,51,69,49
83109,LA ROQUE-ESCLAPON,La Roque-Esclapon,27,276,284,286,286,271,255,240,239,27.5,10,72.5
83110,ROUGIERS,Rougiers,21,1648,1623,1597,1570,1568,1584,1531,1479,54.6,79,45.4
83111,SAINTE-ANASTASIE-SUR-ISSOLE,Sainte-Anastasie-sur-Issole,11,1922,1866,1882,1862,1882,1902,1922,1896,40.1,178,59.9
83112,SAINT-CYR-SUR-MER,Saint-Cyr-sur-Mer,22,11752,12103,12262,11894,11755,11769,11819,11865,36,545,64
83113,SAINT-JULIEN,Saint-Julien,76,2413,2367,2345,2284,2222,2161,2063,1983,48.2,32,51.8
83114,SAINT-MARTIN-DE-PALLIÈRES,Saint-Martin-de-Pallières,27,246,248,249,244,242,227,212,197,39.4,9,60.6
83115,SAINTE-MAXIME,Sainte-Maxime,82,14263,14289,14018,13835,13736,13337,12938,13441,31.2,173,68.8
83116,SAINT-MAXIMIN-LA-SAINTE-BAUME,Saint-Maximin-la-Sainte-Baume,65,16388,16037,15753,15590,14734,14587,14505,14165,46.3,253,53.7
83117,SAINT-PAUL-EN-FORÊT,Saint-Paul-en-Forêt,20,1718,1697,1709,1721,1733,1701,1675,1616,43.9,85,56.1
83118,SAINT-RAPHAËL,Saint-Raphaël,91,35222,35296,34567,34005,34115,33624,33603,34269,25.4,387,74.6
83119,SAINT-TROPEZ,Saint-Tropez,11,4299,4305,4353,4402,4452,4499,4532,4903,28.5,374,71.5
83120,SAINT-ZACHARIE,Saint-Zacharie,27,5539,5392,5245,5086,5013,4972,4914,4856,49.8,204,50.2
83121,SALERNES,Salernes,40,3879,3889,3851,3808,3764,3723,3670,3574,36.3,98,63.7
83122,LES SALLES-SUR-VERDON,Les Salles-sur-Verdon,13,255,259,261,252,244,237,228,231,34.8,20,65.2
83123,SANARY-SUR-MER,Sanary-sur-Mer,20,16733,16168,15963,16047,16062,15844,16429,16806,23.4,844,76.6
83124,SEILLANS,Seillans,89,2626,2583,2540,2506,2489,2510,2530,2553,37.7,30,62.3
83125,SEILLONS-SOURCE-D'ARGENS,Seillons-Source-d'Argens,25,2490,2513,2525,2471,2266,2219,2173,2126,54.2,99,45.8
83126,LA SEYNE-SUR-MER,La Seyne-sur-Mer,24,64620,64903,64675,64523,63902,62640,62082,61514,44.4,2742,55.6
83127,SIGNES,Signes,133,2804,2779,2755,2732,2745,2756,2801,2845,53.5,21,46.5
83128,SILLANS-LA-CASCADE,Sillans-la-Cascade,20,752,741,730,715,708,680,631,583,37.6,37,62.4
83129,SIX-FOURS-LES-PLAGES,Six-Fours-les-Plages,27,33250,33339,33652,34387,34057,34275,34897,34919,32.4,1235,67.6
83130,SOLLIÈS-PONT,Solliès-Pont,18,11056,10951,11133,11310,11624,11568,11090,11056,43.7,620,56.3
83131,SOLLIÈS-TOUCAS,Solliès-Toucas,30,5741,5756,5599,5499,5375,5251,5131,5083,51,191,49
83132,SOLLIÈS-VILLE,Solliès-Ville,14,2412,2391,2391,2422,2454,2485,2464,2461,42.3,171,57.7
83133,TANNERON,Tanneron,54,1619,1572,1524,1520,1460,1464,1468,1471,44.5,30,55.5
83134,TARADEAU,Taradeau,17,1807,1811,1816,1808,1786,1767,1748,1730,34,104,66
83135,TAVERNES,Tavernes,31,1396,1383,1360,1329,1298,1268,1250,1199,38,45,62
83136,LE THORONET,Le Thoronet,37,2449,2442,2419,2397,2373,2341,2293,2216,43.7,67,56.3
83137,TOULON,Toulon,44,169634,167479,165584,163760,164899,163974,164532,165514,42.3,3839,57.7
83138,TOURRETTES,Tourrettes,34,2898,2908,2897,2863,2823,2784,2743,2697,43.1,85,56.9
83139,TOURTOUR,Tourtour,29,587,587,589,591,593,583,589,569,29.7,20,70.3
83140,TOURVES,Tourves,66,4983,4973,4964,4951,4963,4879,4855,4830,47.6,76,52.4
83141,TRANS-EN-PROVENCE,Trans-en-Provence,17,5770,5694,5609,5579,5562,5546,5531,5515,43.2,339,56.8
83142,TRIGANCE,Trigance,61,182,173,175,175,171,167,163,161,43.9,3,56.1
83143,LE VAL,Le Val,39,4297,4275,4242,4220,4198,4191,4174,4022,39.4,109,60.6
83144,LA VALETTE-DU-VAR,La Valette-du-Var,15,23775,23347,22271,21463,21155,20851,20754,21136,40.2,1544,59.8
83145,VARAGES,Varages,35,1172,1168,1171,1145,1137,1128,1117,1104,38.2,34,61.8
83146,LA VERDIÈRE,La Verdière,68,1600,1622,1645,1667,1652,1602,1543,1484,39.6,23,60.4
83147,VÉRIGNON,Vérignon,37,10,10,10,10,10,11,11,13,16.7,0,83.3
83148,VIDAUBAN,Vidauban,76,11545,11391,11152,10928,10908,10608,10165,9958,49.3,151,50.7
83149,VILLECROZE,Villecroze,21,1442,1421,1399,1366,1349,1275,1201,1128,36.5,69,63.5
83150,VINON-SUR-VERDON,Vinon-sur-Verdon,36,4224,4196,4218,4198,4199,4200,4198,4051,52,117,48
83151,VINS-SUR-CARAMY,Vins-sur-Caramy,16,1003,1001,989,978,966,925,916,880,53.1,61,46.9
83152,RAYOL-CANADEL-SUR-MER,Rayol-Canadel-sur-Mer,7,717,721,719,717,714,718,727,679,25.7,103,74.3
83153,SAINT-MANDRIER-SUR-MER,Saint-Mandrier-sur-Mer,5,5766,5787,5809,5780,5751,5708,5750,5773,33.5,1088,66.5
83154,SAINT-ANTONIN-DU-VAR,Saint-Antonin-du-Var,18,744,748,743,717,689,661,633,622,36.4,42,63.6
84001,ALTHEN-DES-PALUDS,Althen-des-Paluds,7,2786,2749,2671,2683,2684,2684,2685,2520,49.8,423,50.2
84002,ANSOUIS,Ansouis,18,1040,1051,1086,1121,1157,1144,1125,1117,43.5,59,56.5
84003,APT,Apt,45,11710,11846,11885,12325,11979,12117,11755,11405,46.2,260,53.8
84004,AUBIGNAN,Aubignan,16,5602,5533,5404,5324,5244,5164,4864,4861,49.1,357,50.9
84005,AUREL,Aurel,29,212,207,201,195,189,182,182,184,31.3,7,68.7
84006,AURIBEAU,Auribeau,7,72,73,73,74,74,75,75,75,44.4,10,55.6
84007,AVIGNON,Avignon,65,92378,92130,92209,90305,89380,90194,89683,89592,51.6,1423,48.4
84008,LE BARROUX,Le Barroux,16,632,650,668,682,669,656,643,631,37.9,39,62.1
84009,LA BASTIDE-DES-JOURDANS,La Bastide-des-Jourdans,28,1507,1448,1392,1339,1328,1318,1308,1314,51.6,54,48.4
84010,LA BASTIDONNE,La Bastidonne,6,780,742,705,706,701,719,736,754,49.1,132,50.9
84011,LE BEAUCET,Le Beaucet,9,347,343,336,335,337,350,363,373,32.8,38,67.2
84012,BEAUMES-DE-VENISE,Beaumes-de-Venise,19,2404,2387,2387,2387,2388,2360,2305,2283,43.9,127,56.1
84013,BEAUMETTES,Beaumettes,3,251,249,247,245,245,244,239,226,45.9,95,54.1
84014,BEAUMONT-DE-PERTUIS,Beaumont-de-Pertuis,54,1139,1142,1146,1120,1093,1067,1055,1031,49.2,21,50.8
84015,BEAUMONT-DU-VENTOUX,Beaumont-du-Ventoux,28,282,285,292,299,306,309,311,317,34,10,66
84016,BÉDARRIDES,Bédarrides,25,5086,5051,5010,5060,5111,5183,5146,5140,44.3,203,55.7
84017,BÉDOIN,Bédoin,91,3101,3087,3072,3110,3147,3197,3207,3132,34.3,34,65.7
84018,BLAUVAC,Blauvac,21,520,530,515,491,476,462,447,452,44.6,25,55.4
84019,BOLLÈNE,Bollène,54,13673,13617,13574,13776,14131,14040,13843,13885,47.7,251,52.3
84020,BONNIEUX,Bonnieux,51,1369,1362,1358,1376,1395,1413,1420,1424,35.8,27,64.2
84021,BRANTES,Brantes,28,84,81,78,78,81,83,84,84,34.6,3,65.4
84022,BUISSON,Buisson,9,297,294,282,271,259,272,278,290,48.3,31,51.7
84023,BUOUX,Buoux,18,70,73,88,103,118,121,116,122,7.7,4,92.3
84024,CABRIÈRES-D'AIGUES,Cabrières-d'Aigues,19,952,948,921,895,867,852,841,842,50.8,50,49.2
84025,CABRIÈRES-D'AVIGNON,Cabrières-d'Avignon,15,1788,1760,1733,1750,1734,1772,1810,1854,41.7,122,58.3
84026,CADENET,Cadenet,26,4172,4154,4136,4132,4134,4110,4085,4061,44.9,161,55.1
84027,CADEROUSSE,Caderousse,32,2703,2738,2771,2747,2738,2736,2735,2733,45.6,83,54.4
84028,CAIRANNE,Cairanne,23,1064,1062,1046,1029,1013,1014,983,949,44.7,47,55.3
84029,CAMARET-SUR-AIGUES,Camaret-sur-Aigues,18,4556,4607,4659,4710,4659,4596,4518,4439,55.5,248,44.5
84030,CAROMB,Caromb,18,3298,3249,3199,3164,3171,3175,3179,3185,42.2,184,57.8
84031,CARPENTRAS,Carpentras,38,28554,28699,28447,28422,28520,28815,29278,29271,47.7,755,52.3
84032,CASENEUVE,Caseneuve,18,500,511,522,508,502,475,448,421,41,28,59
84033,CASTELLET-EN-LUBERON,Castellet-en-Luberon,10,129,128,125,122,119,116,116,111,32.9,14,67.1
84034,CAUMONT-SUR-DURANCE,Caumont-sur-Durance,18,4855,4772,4718,4691,4663,4642,4635,4614,45.9,266,54.1
84035,CAVAILLON,Cavaillon,46,26492,26707,26201,25636,25289,25486,24951,24723,48,577,52
84036,CHÂTEAUNEUF-DE-GADAGNE,Châteauneuf-de-Gadagne,14,3304,3304,3303,3303,3279,3270,3259,3249,40.2,245,59.8
84037,CHÂTEAUNEUF-DU-PAPE,Châteauneuf-du-Pape,25,2171,2225,2199,2199,2179,2159,2140,2130,45.4,88,54.6
84038,CHEVAL-BLANC,Cheval-Blanc,59,4215,4154,4092,4113,4080,4109,4138,4163,45.4,72,54.6
84039,COURTHÉZON,Courthézon,33,5555,5476,5487,5489,5453,5418,5387,5335,46.2,170,53.8
84040,CRESTET,Crestet,11,410,408,406,412,409,434,458,483,39.5,36,60.5
84041,CRILLON-LE-BRAVE,Crillon-le-Brave,8,478,475,473,470,465,443,448,452,34.4,62,65.6
84042,CUCURON,Cucuron,33,1774,1781,1786,1797,1809,1820,1830,1844,32.4,55,67.6
84043,ENTRAIGUES-SUR-LA-SORGUE,Entraigues-sur-la-Sorgue,17,8396,8399,8230,8134,8038,7941,7795,7690,48.7,502,51.3
84044,ENTRECHAUX,Entrechaux,15,1130,1147,1162,1141,1116,1094,1071,1049,43.9,76,56.1
84045,FAUCON,Faucon,9,432,431,429,425,428,419,416,414,43.5,49,56.5
84046,FLASSAN,Flassan,21,455,444,434,423,411,412,412,412,47.2,22,52.8
84047,GARGAS,Gargas,15,3033,2976,2920,2863,2843,2900,2929,2957,35.8,204,64.2
84048,GIGNAC,Gignac,8,67,67,61,56,50,54,56,59,32.4,8,67.6
84049,GIGONDAS,Gigondas,27,534,532,534,533,532,531,556,559,40.4,20,59.6
84050,GORDES,Gordes,49,1873,1974,1961,1946,2001,2056,2113,2119,28.4,38,71.6
84051,GOULT,Goult,24,1113,1126,1139,1142,1147,1154,1161,1169,32.4,47,67.6
84052,GRAMBOIS,Grambois,31,1264,1252,1244,1199,1154,1110,1110,1130,39.8,40,60.2
84053,GRILLON,Grillon,15,1758,1766,1764,1747,1733,1718,1705,1703,40,117,60
84054,L'ISLE-SUR-LA-SORGUE,L'Isle-sur-la-Sorgue,45,19398,19483,19240,18955,18902,19086,19048,18936,43.3,435,56.7
84055,JONQUERETTES,Jonquerettes,3,1484,1462,1440,1418,1395,1354,1358,1313,45.9,571,54.1
84056,JONQUIÈRES,Jonquières,24,5331,5146,4962,4778,4702,4710,4576,4442,55,219,45
84057,JOUCAS,Joucas,8,337,329,329,324,325,325,326,325,29,40,71
84058,LACOSTE,Lacoste,11,409,409,409,408,404,408,413,417,31.4,38,68.6
84059,LAFARE,Lafare,5,121,126,131,125,117,115,113,110,51.9,27,48.1
84060,LAGARDE-D'APT,Lagarde-d'Apt,22,37,39,38,36,35,37,37,37,33.3,2,66.7
84061,LAGARDE-PARÉOL,Lagarde-Paréol,9,316,312,312,311,311,304,304,294,43.7,34,56.3
84062,LAGNES,Lagnes,17,1629,1622,1613,1636,1633,1657,1681,1706,35.7,97,64.3
84063,LAMOTTE-DU-RHÔNE,Lamotte-du-Rhône,12,399,401,406,399,402,404,407,409,44.5,33,55.5
84064,LAPALUD,Lapalud,18,3795,3812,3863,3913,3966,3910,3832,3685,53.8,216,46.2
84065,LAURIS,Lauris,22,3817,3789,3787,3785,3789,3709,3655,3537,40.5,170,59.5
84066,LIOUX,Lioux,39,275,262,250,248,243,248,252,258,42.3,7,57.7
84067,LORIOL-DU-COMTAT,Loriol-du-Comtat,11,2600,2570,2549,2528,2487,2422,2390,2339,51.4,232,48.6
84068,LOURMARIN,Lourmarin,20,1109,1142,1145,1129,1088,1046,1005,1000,34.2,55,65.8
84069,MALAUCÈNE,Malaucène,45,2896,2849,2804,2758,2684,2683,2665,2658,38.8,64,61.2
84070,MALEMORT-DU-COMTAT,Malemort-du-Comtat,12,1749,1715,1682,1633,1607,1558,1510,1461,54.8,146,45.2
84071,MAUBEC,Maubec,9,1914,1898,1883,1864,1867,1870,1874,1877,45.9,207,54.1
84072,MAZAN,Mazan,38,5944,5842,5841,5816,5804,5791,5792,5641,46.1,157,53.9
84073,MÉNERBES,Ménerbes,30,991,995,999,1005,1019,1079,1104,1129,31.5,33,68.5
84074,MÉRINDOL,Mérindol,27,2058,2023,2011,1999,1987,1969,1966,1953,44.4,76,55.6
84075,MÉTHAMIS,Méthamis,37,428,427,416,405,392,382,396,395,39.7,12,60.3
84076,MIRABEAU,Mirabeau,32,1253,1218,1223,1212,1203,1194,1184,1163,52.2,40,47.8
84077,MODÈNE,Modène,5,453,454,454,447,449,436,422,409,58.4,95,41.6
84078,MONDRAGON,Mondragon,41,3830,3868,3856,3745,3727,3709,3691,3665,54.2,94,45.8
84079,MONIEUX,Monieux,48,344,372,364,356,350,344,338,344,45.5,7,54.5
84080,MONTEUX,Monteux,39,12870,12671,12537,12015,11436,11122,10989,10850,54.3,326,45.7
84081,MORIÈRES-LÈS-AVIGNON,Morières-lès-Avignon,10,8295,8198,8100,7999,7955,7741,7676,7611,43,796,57
84082,MORMOIRON,Mormoiron,25,1883,1892,1897,1886,1899,1913,1927,1891,47,75,53
84083,MORNAS,Mornas,26,2406,2405,2403,2374,2334,2320,2305,2292,47.9,92,52.1
84084,LA MOTTE-D'AIGUES,La Motte-d'Aigues,15,1339,1344,1349,1333,1330,1340,1350,1359,45.6,91,54.4
84085,MURS,Murs,32,419,419,419,411,410,416,422,428,40.4,13,59.6
84086,OPPÈDE,Oppède,24,1361,1389,1337,1329,1339,1348,1359,1342,38.3,56,61.7
84087,ORANGE,Orange,74,29212,29561,29482,29193,28948,29302,29135,28990,48,393,52
84088,PERNES-LES-FONTAINES,Pernes-les-Fontaines,51,9286,9556,9823,10121,10429,10496,10405,10454,41.3,182,58.7
84089,PERTUIS,Pertuis,59,20135,19645,19523,19498,19141,19033,18931,18706,46.3,340,53.7
84090,PEYPIN-D'AIGUES,Peypin-d'Aigues,17,656,652,640,627,615,607,599,598,53.2,38,46.8
84091,PIOLENC,Piolenc,25,5151,5083,5093,5103,5113,5080,5006,4853,49.8,209,50.2
84092,LE PONTET,Le Pontet,11,17556,17563,17476,17344,17002,16899,16731,16891,50.2,1633,49.8
84093,PUGET,Puget,20,761,735,724,712,681,683,674,669,41.1,39,58.9
84094,PUYMÉRAS,Puyméras,15,605,603,606,623,640,654,648,647,40.3,41,59.7
84095,PUYVERT,Puyvert,10,817,819,808,793,778,763,757,741,50.3,82,49.7
84096,RASTEAU,Rasteau,19,870,851,826,820,814,805,798,781,43.7,46,56.3
84097,RICHERENCHES,Richerenches,11,665,672,650,661,671,696,696,672,55.5,60,44.5
84098,ROAIX,Roaix,6,649,655,662,646,646,647,647,644,48.2,111,51.8
84099,ROBION,Robion,18,4514,4393,4273,4152,4129,4141,4120,4098,45.9,253,54.1
84100,LA ROQUE-ALRIC,La Roque-Alric,5,51,51,51,51,52,58,64,71,28,10,72
84101,LA ROQUE-SUR-PERNES,La Roque-sur-Pernes,11,414,417,425,433,441,439,431,423,33.9,37,66.1
84102,ROUSSILLON,Roussillon,30,1317,1328,1339,1323,1318,1312,1305,1300,30.9,44,69.1
84103,RUSTREL,Rustrel,29,702,714,714,733,753,772,749,739,42.1,24,57.9
84104,SABLET,Sablet,11,1264,1249,1240,1232,1223,1224,1219,1243,41,114,59
84105,SAIGNON,Saignon,20,1007,1012,1015,1016,1017,1018,1024,1032,32.1,51,67.9
84106,SAINTE-CÉCILE-LES-VIGNES,Sainte-Cécile-les-Vignes,20,2460,2445,2420,2394,2369,2353,2295,2268,45.2,123,54.8
84107,SAINT-CHRISTOL,Saint-Christol,46,1347,1348,1118,1236,1357,1349,1350,1272,41.2,29,58.8
84108,SAINT-DIDIER,Saint-Didier,4,2146,2136,2125,2118,2147,2149,2128,2106,31.4,583,68.6
84109,SAINT-HIPPOLYTE-LE-GRAVEYRON,Saint-Hippolyte-le-Graveyron,5,183,182,180,174,167,161,164,167,38.5,37,61.5
84110,SAINT-LÉGER-DU-VENTOUX,Saint-Léger-du-Ventoux,19,36,37,39,39,38,36,33,31,30,2,70
84111,SAINT-MARCELLIN-LÈS-VAISON,Saint-Marcellin-lès-Vaison,4,312,313,325,337,349,343,340,342,36.9,88,63.1
84112,SAINT-MARTIN-DE-CASTILLON,Saint-Martin-de-Castillon,38,774,767,760,752,741,753,751,742,36.7,20,63.3
84113,SAINT-MARTIN-DE-LA-BRASQUE,Saint-Martin-de-la-Brasque,6,848,856,852,859,822,785,748,748,51,152,49
84114,SAINT-PANTALÉON,Saint-Pantaléon,1,211,222,213,208,201,193,186,183,48.6,264,51.4
84115,SAINT-PIERRE-DE-VASSOLS,Saint-Pierre-de-Vassols,5,521,518,516,514,512,492,493,491,49.4,104,50.6
84116,SAINT-ROMAIN-EN-VIENNOIS,Saint-Romain-en-Viennois,9,812,832,853,873,857,861,856,851,33.6,89,66.4
84117,SAINT-ROMAN-DE-MALEGARDE,Saint-Roman-de-Malegarde,9,331,331,332,334,335,328,326,315,46.1,39,53.9
84118,SAINT-SATURNIN-LÈS-APT,Saint-Saturnin-lès-Apt,77,2766,2732,2730,2729,2726,2722,2658,2648,34.6,36,65.4
84119,SAINT-SATURNIN-LÈS-AVIGNON,Saint-Saturnin-lès-Avignon,6,4808,4819,4830,4841,4845,4820,4894,4968,45.7,774,54.3
84120,SAINT-TRINIT,Saint-Trinit,17,123,125,125,127,126,124,123,123,29.6,7,70.4
84121,SANNES,Sannes,5,230,212,200,188,176,177,173,169,58.4,50,41.6
84122,SARRIANS,Sarrians,38,5966,5930,5894,5858,5841,5837,5809,5781,48.6,158,51.4
84123,SAULT,Sault,112,1372,1363,1354,1359,1352,1357,1362,1366,37.3,12,62.7
84124,SAUMANE-DE-VAUCLUSE,Saumane-de-Vaucluse,21,940,936,931,925,911,883,856,829,44.4,45,55.6
84125,SAVOILLAN,Savoillan,9,70,77,84,83,86,90,94,98,20.6,8,79.4
84126,SÉGURET,Séguret,21,851,847,843,839,849,847,869,890,36.9,40,63.1
84127,SÉRIGNAN-DU-COMTAT,Sérignan-du-Comtat,20,2587,2508,2474,2461,2448,2435,2403,2393,47.4,128,52.6
84128,SIVERGUES,Sivergues,9,42,40,42,39,42,45,49,48,47.6,4,52.4
84129,SORGUES,Sorgues,34,18301,18210,18328,18500,18473,18222,18046,18040,51.2,546,48.8
84130,SUZETTE,Suzette,7,122,126,124,123,122,120,119,117,41.9,18,58.1
84131,TAILLADES,Taillades,7,1927,1944,1960,1965,1968,1964,1959,1956,37.6,279,62.4
84132,LE THOR,Le Thor,36,8972,8879,8706,8532,8416,8396,8281,8099,53.2,252,46.8
84133,LA TOUR-D'AIGUES,La Tour-d'Aigues,41,4241,4196,4190,4203,4115,4028,3947,3945,45.6,102,54.4
84134,TRAVAILLAN,Travaillan,18,728,721,718,706,694,682,665,677,53.7,41,46.3
84135,UCHAUX,Uchaux,19,1615,1582,1531,1480,1429,1408,1386,1377,39.9,86,60.1
84136,VACQUEYRAS,Vacqueyras,9,1292,1260,1202,1144,1085,1076,1050,1053,49.4,143,50.6
84137,VAISON-LA-ROMAINE,Vaison-la-Romaine,27,6046,6072,6055,6089,6123,6163,6169,6153,32.6,223,67.4
84138,VALRÉAS,Valréas,59,9457,9492,9520,9519,9545,9672,9800,9935,41,161,59
84139,FONTAINE-DE-VAUCLUSE,Fontaine-de-Vaucluse,7,624,643,644,645,653,661,668,670,46.3,87,53.7
84140,VAUGINES,Vaugines,16,566,566,542,518,494,505,526,540,39.7,36,60.3
84141,VEDÈNE,Vedène,11,11433,11233,11045,10661,10640,10619,10580,10371,56.1,997,43.9
84142,VELLERON,Velleron,16,2955,2943,2930,2918,2927,2908,2958,3007,41.1,180,58.9
84143,VENASQUE,Venasque,35,1017,1058,1099,1174,1158,1172,1156,1140,20.7,29,79.3
84144,VIENS,Viens,35,629,625,621,617,617,621,606,591,32.1,18,67.9
84145,VILLARS,Villars,30,773,774,776,785,794,803,786,744,42.5,26,57.5
84146,VILLEDIEU,Villedieu,12,517,521,521,516,515,515,514,510,38.7,45,61.3
84147,VILLELAURE,Villelaure,18,3437,3361,3323,3284,3246,3231,3223,3176,55.3,190,44.7
84148,VILLES-SUR-AUZON,Villes-sur-Auzon,27,1304,1321,1330,1308,1297,1297,1296,1296,42.2,48,57.8
84149,VIOLÈS,Violès,15,1664,1640,1616,1591,1558,1560,1553,1546,45.7,114,54.3
84150,VISAN,Visan,42,1987,1961,1935,1910,1911,1907,1932,1956,43.3,47,56.7
84151,VITROLLES-EN-LUBÉRON,Vitrolles-en-Lubéron,16,182,200,218,210,207,196,186,177,34.5,11,65.5